total_reward,root_cause_accuracy,process_quality,damage_audit,boss_score,primary_reward,buddy_reward,parse_error,scenario_type,difficulty,episode,trainer_step,reward_ma20
0.0,0.0,0.0,0.0,0.0,0.0,0.0,json_parse_error: Expecting value: line 1 column 1 (char 0),cascading_retry_storm,medium,0,0,0.0
0.0,0.0,0.0,0.0,0.0,0.0,0.0,json_parse_error: Expecting value: line 1 column 1 (char 0),cascading_retry_storm,medium,1,0,0.0
0.0,0.0,0.0,0.0,0.0,0.0,0.0,json_parse_error: Expecting value: line 1 column 1 (char 0),memory_leak,easy,2,0,0.0
0.0,0.0,0.0,0.0,0.0,0.0,0.0,json_parse_error: Expecting value: line 1 column 1 (char 0),memory_leak,easy,3,0,0.0
0.0,0.0,0.0,0.0,0.0,0.0,0.0,json_parse_error: Expecting value: line 1 column 1 (char 0),memory_leak,easy,4,0,0.0
0.0,0.0,0.0,0.0,0.0,0.0,0.0,json_parse_error: Expecting value: line 1 column 1 (char 0),memory_leak,easy,5,0,0.0
0.0,0.0,0.0,0.0,0.0,0.0,0.0,json_parse_error: Expecting value: line 1 column 1 (char 0),connection_pool_exhaustion,medium,6,0,0.0
0.0,0.0,0.0,0.0,0.0,0.0,0.0,json_parse_error: Expecting value: line 1 column 1 (char 0),connection_pool_exhaustion,medium,7,0,0.0
0.0,0.0,0.0,0.0,0.0,0.0,0.0,json_parse_error: Expecting value: line 1 column 1 (char 0),memory_leak,easy,8,1,0.0
0.0,0.0,0.0,0.0,0.0,0.0,0.0,json_parse_error: Expecting value: line 1 column 1 (char 0),memory_leak,easy,9,1,0.0
0.0,0.0,0.0,0.0,0.0,0.0,0.0,json_parse_error: Expecting value: line 1 column 1 (char 0),memory_leak,easy,10,1,0.0
0.0,0.0,0.0,0.0,0.0,0.0,0.0,json_parse_error: Expecting value: line 1 column 1 (char 0),memory_leak,easy,11,1,0.0
0.0,0.0,0.0,0.0,0.0,0.0,0.0,json_parse_error: Expecting value: line 1 column 1 (char 0),memory_leak,easy,12,1,0.0
0.0,0.0,0.0,0.0,0.0,0.0,0.0,json_parse_error: Expecting value: line 1 column 1 (char 0),memory_leak,easy,13,1,0.0
0.0,0.0,0.0,0.0,0.0,0.0,0.0,json_parse_error: Expecting value: line 1 column 1 (char 0),memory_leak,easy,14,1,0.0
0.0,0.0,0.0,0.0,0.0,0.0,0.0,json_parse_error: Expecting value: line 1 column 1 (char 0),memory_leak,easy,15,1,0.0
0.0,0.0,0.0,0.0,0.0,0.0,0.0,json_parse_error: Expecting value: line 1 column 1 (char 0),memory_leak,easy,16,2,0.0
0.0,0.0,0.0,0.0,0.0,0.0,0.0,json_parse_error: Expecting value: line 1 column 1 (char 0),memory_leak,easy,17,2,0.0
0.0,0.0,0.0,0.0,0.0,0.0,0.0,json_parse_error: Expecting value: line 1 column 1 (char 0),memory_leak,easy,18,2,0.0
0.0,0.0,0.0,0.0,0.0,0.0,0.0,json_parse_error: Expecting value: line 1 column 1 (char 0),memory_leak,easy,19,2,0.0
0.0,0.0,0.0,0.0,0.0,0.0,0.0,json_parse_error: Expecting value: line 1 column 1 (char 0),memory_leak,easy,20,2,0.0
0.0,0.0,0.0,0.0,0.0,0.0,0.0,json_parse_error: Expecting value: line 1 column 1 (char 0),memory_leak,easy,21,2,0.0
0.0,0.0,0.0,0.0,0.0,0.0,0.0,json_parse_error: Expecting value: line 1 column 1 (char 0),memory_leak,easy,22,2,0.0
0.0,0.0,0.0,0.0,0.0,0.0,0.0,json_parse_error: Expecting value: line 1 column 1 (char 0),memory_leak,easy,23,2,0.0
0.0,0.0,0.0,0.0,0.0,0.0,0.0,json_parse_error: Expecting value: line 1 column 1 (char 0),memory_leak,easy,24,3,0.0
0.0,0.0,0.0,0.0,0.0,0.0,0.0,json_parse_error: Expecting value: line 1 column 1 (char 0),memory_leak,easy,25,3,0.0
0.0,0.0,0.0,0.0,0.0,0.0,0.0,json_parse_error: Expecting value: line 1 column 1 (char 0),connection_pool_exhaustion,medium,26,3,0.0
0.0,0.0,0.0,0.0,0.0,0.0,0.0,json_parse_error: Expecting value: line 1 column 1 (char 0),connection_pool_exhaustion,medium,27,3,0.0
0.0,0.0,0.0,0.0,0.0,0.0,0.0,json_parse_error: Expecting value: line 1 column 1 (char 0),memory_leak,easy,28,3,0.0
0.0,0.0,0.0,0.0,0.0,0.0,0.0,json_parse_error: Expecting value: line 1 column 1 (char 0),memory_leak,easy,29,3,0.0
0.0,0.0,0.0,0.0,0.0,0.0,0.0,json_parse_error: Expecting value: line 1 column 1 (char 0),memory_leak,easy,30,3,0.0
0.0,0.0,0.0,0.0,0.0,0.0,0.0,json_parse_error: Expecting value: line 1 column 1 (char 0),memory_leak,easy,31,3,0.0
0.0,0.0,0.0,0.0,0.0,0.0,0.0,json_parse_error: Expecting value: line 1 column 1 (char 0),memory_leak,easy,32,4,0.0
0.0,0.0,0.0,0.0,0.0,0.0,0.0,json_parse_error: Expecting value: line 1 column 1 (char 0),memory_leak,easy,33,4,0.0
0.0,0.0,0.0,0.0,0.0,0.0,0.0,json_parse_error: Expecting value: line 1 column 1 (char 0),memory_leak,easy,34,4,0.0
0.0,0.0,0.0,0.0,0.0,0.0,0.0,json_parse_error: Expecting value: line 1 column 1 (char 0),memory_leak,easy,35,4,0.0
0.0,0.0,0.0,0.0,0.0,0.0,0.0,json_parse_error: Expecting value: line 1 column 1 (char 0),memory_leak,easy,36,4,0.0
0.0,0.0,0.0,0.0,0.0,0.0,0.0,json_parse_error: Expecting value: line 1 column 1 (char 0),memory_leak,easy,37,4,0.0
0.0,0.0,0.0,0.0,0.0,0.0,0.0,json_parse_error: Expecting value: line 1 column 1 (char 0),memory_leak,easy,38,4,0.0
0.0,0.0,0.0,0.0,0.0,0.0,0.0,json_parse_error: Expecting value: line 1 column 1 (char 0),memory_leak,easy,39,4,0.0
0.0,0.0,0.0,0.0,0.0,0.0,0.0,json_parse_error: Expecting value: line 1 column 1 (char 0),connection_pool_exhaustion,medium,40,5,0.0
0.0,0.0,0.0,0.0,0.0,0.0,0.0,json_parse_error: Expecting value: line 1 column 1 (char 0),connection_pool_exhaustion,medium,41,5,0.0
0.0,0.0,0.0,0.0,0.0,0.0,0.0,json_parse_error: Expecting value: line 1 column 1 (char 0),memory_leak,easy,42,5,0.0
0.0,0.0,0.0,0.0,0.0,0.0,0.0,json_parse_error: Expecting value: line 1 column 1 (char 0),memory_leak,easy,43,5,0.0
0.0,0.0,0.0,0.0,0.0,0.0,0.0,json_parse_error: Expecting value: line 1 column 1 (char 0),memory_leak,easy,44,5,0.0
0.0,0.0,0.0,0.0,0.0,0.0,0.0,json_parse_error: Expecting value: line 1 column 1 (char 0),memory_leak,easy,45,5,0.0
0.0,0.0,0.0,0.0,0.0,0.0,0.0,json_parse_error: Expecting value: line 1 column 1 (char 0),memory_leak,easy,46,5,0.0
0.0,0.0,0.0,0.0,0.0,0.0,0.0,json_parse_error: Expecting value: line 1 column 1 (char 0),memory_leak,easy,47,5,0.0
0.0,0.0,0.0,0.0,0.0,0.0,0.0,json_parse_error: Expecting value: line 1 column 1 (char 0),memory_leak,easy,48,6,0.0
0.0,0.0,0.0,0.0,0.0,0.0,0.0,json_parse_error: Expecting value: line 1 column 1 (char 0),memory_leak,easy,49,6,0.0
0.0,0.0,0.0,0.0,0.0,0.0,0.0,json_parse_error: Expecting value: line 1 column 1 (char 0),memory_leak,easy,50,6,0.0
0.0,0.0,0.0,0.0,0.0,0.0,0.0,json_parse_error: Expecting value: line 1 column 1 (char 0),memory_leak,easy,51,6,0.0
0.0,0.0,0.0,0.0,0.0,0.0,0.0,json_parse_error: Expecting value: line 1 column 1 (char 0),memory_leak,easy,52,6,0.0
0.0,0.0,0.0,0.0,0.0,0.0,0.0,json_parse_error: Expecting value: line 1 column 1 (char 0),memory_leak,easy,53,6,0.0
0.0,0.0,0.0,0.0,0.0,0.0,0.0,json_parse_error: Expecting value: line 1 column 1 (char 0),memory_leak,easy,54,6,0.0
0.0,0.0,0.0,0.0,0.0,0.0,0.0,json_parse_error: Expecting value: line 1 column 1 (char 0),memory_leak,easy,55,6,0.0
0.0,0.0,0.0,0.0,0.0,0.0,0.0,json_parse_error: Expecting value: line 1 column 1 (char 0),memory_leak,easy,56,7,0.0
0.0,0.0,0.0,0.0,0.0,0.0,0.0,json_parse_error: Expecting value: line 1 column 1 (char 0),memory_leak,easy,57,7,0.0
0.0,0.0,0.0,0.0,0.0,0.0,0.0,json_parse_error: Expecting value: line 1 column 1 (char 0),memory_leak,easy,58,7,0.0
0.0,0.0,0.0,0.0,0.0,0.0,0.0,json_parse_error: Expecting value: line 1 column 1 (char 0),memory_leak,easy,59,7,0.0
0.0,0.0,0.0,0.0,0.0,0.0,0.0,json_parse_error: Expecting value: line 1 column 1 (char 0),memory_leak,easy,60,7,0.0
0.0,0.0,0.0,0.0,0.0,0.0,0.0,json_parse_error: Expecting value: line 1 column 1 (char 0),memory_leak,easy,61,7,0.0
0.0,0.0,0.0,0.0,0.0,0.0,0.0,json_parse_error: Expecting value: line 1 column 1 (char 0),memory_leak,easy,62,7,0.0
0.0,0.0,0.0,0.0,0.0,0.0,0.0,json_parse_error: Expecting value: line 1 column 1 (char 0),memory_leak,easy,63,7,0.0
0.0,0.0,0.0,0.0,0.0,0.0,0.0,json_parse_error: Expecting value: line 1 column 1 (char 0),memory_leak,easy,64,8,0.0
0.0,0.0,0.0,0.0,0.0,0.0,0.0,json_parse_error: Expecting value: line 1 column 1 (char 0),memory_leak,easy,65,8,0.0
0.0,0.0,0.0,0.0,0.0,0.0,0.0,json_parse_error: Expecting value: line 1 column 1 (char 0),memory_leak,easy,66,8,0.0
0.0,0.0,0.0,0.0,0.0,0.0,0.0,json_parse_error: Expecting value: line 1 column 1 (char 0),memory_leak,easy,67,8,0.0
0.0,0.0,0.0,0.0,0.0,0.0,0.0,json_parse_error: Expecting value: line 1 column 1 (char 0),memory_leak,easy,68,8,0.0
0.0,0.0,0.0,0.0,0.0,0.0,0.0,json_parse_error: Expecting value: line 1 column 1 (char 0),memory_leak,easy,69,8,0.0
0.0,0.0,0.0,0.0,0.0,0.0,0.0,json_parse_error: Expecting value: line 1 column 1 (char 0),memory_leak,easy,70,8,0.0
0.0,0.0,0.0,0.0,0.0,0.0,0.0,json_parse_error: Expecting value: line 1 column 1 (char 0),memory_leak,easy,71,8,0.0
0.0,0.0,0.0,0.0,0.0,0.0,0.0,json_parse_error: Expecting value: line 1 column 1 (char 0),memory_leak,easy,72,9,0.0
0.0,0.0,0.0,0.0,0.0,0.0,0.0,json_parse_error: Expecting value: line 1 column 1 (char 0),memory_leak,easy,73,9,0.0
0.0,0.0,0.0,0.0,0.0,0.0,0.0,json_parse_error: Expecting value: line 1 column 1 (char 0),memory_leak,easy,74,9,0.0
0.0,0.0,0.0,0.0,0.0,0.0,0.0,json_parse_error: Expecting value: line 1 column 1 (char 0),memory_leak,easy,75,9,0.0
0.0,0.0,0.0,0.0,0.0,0.0,0.0,json_parse_error: Expecting value: line 1 column 1 (char 0),memory_leak,easy,76,9,0.0
0.0,0.0,0.0,0.0,0.0,0.0,0.0,json_parse_error: Expecting value: line 1 column 1 (char 0),memory_leak,easy,77,9,0.0
0.0,0.0,0.0,0.0,0.0,0.0,0.0,json_parse_error: Expecting value: line 1 column 1 (char 0),cascading_retry_storm,medium,78,9,0.0
0.0,0.0,0.0,0.0,0.0,0.0,0.0,json_parse_error: Expecting value: line 1 column 1 (char 0),cascading_retry_storm,medium,79,9,0.0
0.0,0.0,0.0,0.0,0.0,0.0,0.0,json_parse_error: Expecting value: line 1 column 1 (char 0),memory_leak,easy,80,10,0.0
0.0,0.0,0.0,0.0,0.0,0.0,0.0,json_parse_error: Expecting value: line 1 column 1 (char 0),memory_leak,easy,81,10,0.0
0.0,0.0,0.0,0.0,0.0,0.0,0.0,json_parse_error: Expecting value: line 1 column 1 (char 0),memory_leak,easy,82,10,0.0
0.0,0.0,0.0,0.0,0.0,0.0,0.0,json_parse_error: Expecting value: line 1 column 1 (char 0),memory_leak,easy,83,10,0.0
0.0,0.0,0.0,0.0,0.0,0.0,0.0,json_parse_error: Expecting value: line 1 column 1 (char 0),memory_leak,easy,84,10,0.0
0.0,0.0,0.0,0.0,0.0,0.0,0.0,json_parse_error: Expecting value: line 1 column 1 (char 0),memory_leak,easy,85,10,0.0
0.0,0.0,0.0,0.0,0.0,0.0,0.0,json_parse_error: Expecting value: line 1 column 1 (char 0),connection_pool_exhaustion,medium,86,10,0.0
0.0,0.0,0.0,0.0,0.0,0.0,0.0,json_parse_error: Expecting value: line 1 column 1 (char 0),connection_pool_exhaustion,medium,87,10,0.0
0.0,0.0,0.0,0.0,0.0,0.0,0.0,json_parse_error: Expecting value: line 1 column 1 (char 0),memory_leak,easy,88,11,0.0
0.0,0.0,0.0,0.0,0.0,0.0,0.0,json_parse_error: Expecting value: line 1 column 1 (char 0),memory_leak,easy,89,11,0.0
0.0,0.0,0.0,0.0,0.0,0.0,0.0,json_parse_error: Expecting value: line 1 column 1 (char 0),memory_leak,easy,90,11,0.0
0.0,0.0,0.0,0.0,0.0,0.0,0.0,json_parse_error: Expecting value: line 1 column 1 (char 0),memory_leak,easy,91,11,0.0
0.0,0.0,0.0,0.0,0.0,0.0,0.0,json_parse_error: Expecting value: line 1 column 1 (char 0),memory_leak,easy,92,11,0.0
0.0,0.0,0.0,0.0,0.0,0.0,0.0,json_parse_error: Expecting value: line 1 column 1 (char 0),memory_leak,easy,93,11,0.0
0.0,0.0,0.0,0.0,0.0,0.0,0.0,json_parse_error: Expecting value: line 1 column 1 (char 0),memory_leak,easy,94,11,0.0
0.0,0.0,0.0,0.0,0.0,0.0,0.0,json_parse_error: Expecting value: line 1 column 1 (char 0),memory_leak,easy,95,11,0.0
0.0,0.0,0.0,0.0,0.0,0.0,0.0,json_parse_error: Expecting value: line 1 column 1 (char 0),memory_leak,easy,96,12,0.0
0.0,0.0,0.0,0.0,0.0,0.0,0.0,json_parse_error: Expecting value: line 1 column 1 (char 0),memory_leak,easy,97,12,0.0
0.0,0.0,0.0,0.0,0.0,0.0,0.0,json_parse_error: Expecting value: line 1 column 1 (char 0),memory_leak,easy,98,12,0.0
0.0,0.0,0.0,0.0,0.0,0.0,0.0,json_parse_error: Expecting value: line 1 column 1 (char 0),memory_leak,easy,99,12,0.0
0.0,0.0,0.0,0.0,0.0,0.0,0.0,json_parse_error: Expecting value: line 1 column 1 (char 0),memory_leak,easy,100,12,0.0
0.0,0.0,0.0,0.0,0.0,0.0,0.0,json_parse_error: Expecting value: line 1 column 1 (char 0),memory_leak,easy,101,12,0.0
0.0,0.0,0.0,0.0,0.0,0.0,0.0,json_parse_error: Expecting value: line 1 column 1 (char 0),memory_leak,easy,102,12,0.0
0.0,0.0,0.0,0.0,0.0,0.0,0.0,json_parse_error: Expecting value: line 1 column 1 (char 0),memory_leak,easy,103,12,0.0
0.0,0.0,0.0,0.0,0.0,0.0,0.0,json_parse_error: Expecting value: line 1 column 1 (char 0),memory_leak,easy,104,13,0.0
0.0,0.0,0.0,0.0,0.0,0.0,0.0,json_parse_error: Expecting value: line 1 column 1 (char 0),memory_leak,easy,105,13,0.0
0.0,0.0,0.0,0.0,0.0,0.0,0.0,json_parse_error: Expecting value: line 1 column 1 (char 0),memory_leak,easy,106,13,0.0
0.0,0.0,0.0,0.0,0.0,0.0,0.0,json_parse_error: Expecting value: line 1 column 1 (char 0),memory_leak,easy,107,13,0.0
0.0,0.0,0.0,0.0,0.0,0.0,0.0,json_parse_error: Expecting value: line 1 column 1 (char 0),memory_leak,easy,108,13,0.0
0.0,0.0,0.0,0.0,0.0,0.0,0.0,json_parse_error: Expecting value: line 1 column 1 (char 0),memory_leak,easy,109,13,0.0
0.0,0.0,0.0,0.0,0.0,0.0,0.0,json_parse_error: Expecting value: line 1 column 1 (char 0),memory_leak,easy,110,13,0.0
0.0,0.0,0.0,0.0,0.0,0.0,0.0,json_parse_error: Expecting value: line 1 column 1 (char 0),memory_leak,easy,111,13,0.0
0.0,0.0,0.0,0.0,0.0,0.0,0.0,json_parse_error: Expecting value: line 1 column 1 (char 0),memory_leak,easy,112,14,0.0
0.0,0.0,0.0,0.0,0.0,0.0,0.0,json_parse_error: Expecting value: line 1 column 1 (char 0),memory_leak,easy,113,14,0.0
0.0,0.0,0.0,0.0,0.0,0.0,0.0,json_parse_error: Expecting value: line 1 column 1 (char 0),memory_leak,easy,114,14,0.0
0.0,0.0,0.0,0.0,0.0,0.0,0.0,json_parse_error: Expecting value: line 1 column 1 (char 0),memory_leak,easy,115,14,0.0
0.0,0.0,0.0,0.0,0.0,0.0,0.0,json_parse_error: Expecting value: line 1 column 1 (char 0),connection_pool_exhaustion,medium,116,14,0.0
0.0,0.0,0.0,0.0,0.0,0.0,0.0,json_parse_error: Expecting value: line 1 column 1 (char 0),connection_pool_exhaustion,medium,117,14,0.0
0.0,0.0,0.0,0.0,0.0,0.0,0.0,json_parse_error: Expecting value: line 1 column 1 (char 0),memory_leak,easy,118,14,0.0
0.0,0.0,0.0,0.0,0.0,0.0,0.0,json_parse_error: Expecting value: line 1 column 1 (char 0),memory_leak,easy,119,14,0.0
0.0,0.0,0.0,0.0,0.0,0.0,0.0,json_parse_error: Expecting value: line 1 column 1 (char 0),memory_leak,easy,120,15,0.0
0.0,0.0,0.0,0.0,0.0,0.0,0.0,json_parse_error: Expecting value: line 1 column 1 (char 0),memory_leak,easy,121,15,0.0
0.0,0.0,0.0,0.0,0.0,0.0,0.0,json_parse_error: Expecting value: line 1 column 1 (char 0),memory_leak,easy,122,15,0.0
0.0,0.0,0.0,0.0,0.0,0.0,0.0,json_parse_error: Expecting value: line 1 column 1 (char 0),memory_leak,easy,123,15,0.0
0.0,0.0,0.0,0.0,0.0,0.0,0.0,json_parse_error: Expecting value: line 1 column 1 (char 0),memory_leak,easy,124,15,0.0
0.0,0.0,0.0,0.0,0.0,0.0,0.0,json_parse_error: Expecting value: line 1 column 1 (char 0),memory_leak,easy,125,15,0.0
0.0,0.0,0.0,0.0,0.0,0.0,0.0,json_parse_error: Expecting value: line 1 column 1 (char 0),cascading_retry_storm,medium,126,15,0.0
0.0,0.0,0.0,0.0,0.0,0.0,0.0,json_parse_error: Expecting value: line 1 column 1 (char 0),cascading_retry_storm,medium,127,15,0.0
0.0,0.0,0.0,0.0,0.0,0.0,0.0,json_parse_error: Expecting value: line 1 column 1 (char 0),memory_leak,easy,128,16,0.0
0.0,0.0,0.0,0.0,0.0,0.0,0.0,json_parse_error: Expecting value: line 1 column 1 (char 0),memory_leak,easy,129,16,0.0
0.0,0.0,0.0,0.0,0.0,0.0,0.0,json_parse_error: Expecting value: line 1 column 1 (char 0),memory_leak,easy,130,16,0.0
0.0,0.0,0.0,0.0,0.0,0.0,0.0,json_parse_error: Expecting value: line 1 column 1 (char 0),memory_leak,easy,131,16,0.0
0.0,0.0,0.0,0.0,0.0,0.0,0.0,json_parse_error: Expecting value: line 1 column 1 (char 0),memory_leak,easy,132,16,0.0
0.0,0.0,0.0,0.0,0.0,0.0,0.0,json_parse_error: Expecting value: line 1 column 1 (char 0),memory_leak,easy,133,16,0.0
0.0,0.0,0.0,0.0,0.0,0.0,0.0,json_parse_error: Expecting value: line 1 column 1 (char 0),memory_leak,easy,134,16,0.0
0.0,0.0,0.0,0.0,0.0,0.0,0.0,json_parse_error: Expecting value: line 1 column 1 (char 0),memory_leak,easy,135,16,0.0
0.0,0.0,0.0,0.0,0.0,0.0,0.0,json_parse_error: Expecting value: line 1 column 1 (char 0),memory_leak,easy,136,17,0.0
0.0,0.0,0.0,0.0,0.0,0.0,0.0,json_parse_error: Expecting value: line 1 column 1 (char 0),memory_leak,easy,137,17,0.0
0.0,0.0,0.0,0.0,0.0,0.0,0.0,json_parse_error: Expecting value: line 1 column 1 (char 0),memory_leak,easy,138,17,0.0
0.0,0.0,0.0,0.0,0.0,0.0,0.0,json_parse_error: Expecting value: line 1 column 1 (char 0),memory_leak,easy,139,17,0.0
0.0,0.0,0.0,0.0,0.0,0.0,0.0,json_parse_error: Expecting value: line 1 column 1 (char 0),memory_leak,easy,140,17,0.0
0.0,0.0,0.0,0.0,0.0,0.0,0.0,json_parse_error: Expecting value: line 1 column 1 (char 0),memory_leak,easy,141,17,0.0
0.0,0.0,0.0,0.0,0.0,0.0,0.0,json_parse_error: Expecting value: line 1 column 1 (char 0),memory_leak,easy,142,17,0.0
0.0,0.0,0.0,0.0,0.0,0.0,0.0,json_parse_error: Expecting value: line 1 column 1 (char 0),memory_leak,easy,143,17,0.0
0.0,0.0,0.0,0.0,0.0,0.0,0.0,json_parse_error: Expecting value: line 1 column 1 (char 0),memory_leak,easy,144,18,0.0
0.0,0.0,0.0,0.0,0.0,0.0,0.0,json_parse_error: Expecting value: line 1 column 1 (char 0),memory_leak,easy,145,18,0.0
0.0,0.0,0.0,0.0,0.0,0.0,0.0,json_parse_error: Expecting value: line 1 column 1 (char 0),memory_leak,easy,146,18,0.0
0.0,0.0,0.0,0.0,0.0,0.0,0.0,json_parse_error: Expecting value: line 1 column 1 (char 0),memory_leak,easy,147,18,0.0
0.0,0.0,0.0,0.0,0.0,0.0,0.0,json_parse_error: Expecting value: line 1 column 1 (char 0),memory_leak,easy,148,18,0.0
0.0,0.0,0.0,0.0,0.0,0.0,0.0,json_parse_error: Expecting value: line 1 column 1 (char 0),memory_leak,easy,149,18,0.0
0.0,0.0,0.0,0.0,0.0,0.0,0.0,json_parse_error: Expecting value: line 1 column 1 (char 0),memory_leak,easy,150,18,0.0
0.0,0.0,0.0,0.0,0.0,0.0,0.0,json_parse_error: Expecting value: line 1 column 1 (char 0),memory_leak,easy,151,18,0.0
0.0,0.0,0.0,0.0,0.0,0.0,0.0,json_parse_error: Expecting value: line 1 column 1 (char 0),cascading_retry_storm,medium,152,19,0.0
0.0,0.0,0.0,0.0,0.0,0.0,0.0,json_parse_error: Expecting value: line 1 column 1 (char 0),cascading_retry_storm,medium,153,19,0.0
0.0,0.0,0.0,0.0,0.0,0.0,0.0,json_parse_error: Expecting value: line 1 column 1 (char 0),memory_leak,easy,154,19,0.0
0.0,0.0,0.0,0.0,0.0,0.0,0.0,json_parse_error: Expecting value: line 1 column 1 (char 0),memory_leak,easy,155,19,0.0
0.0,0.0,0.0,0.0,0.0,0.0,0.0,json_parse_error: Expecting value: line 1 column 1 (char 0),memory_leak,easy,156,19,0.0
0.0,0.0,0.0,0.0,0.0,0.0,0.0,json_parse_error: Expecting value: line 1 column 1 (char 0),memory_leak,easy,157,19,0.0
0.0,0.0,0.0,0.0,0.0,0.0,0.0,json_parse_error: Expecting value: line 1 column 1 (char 0),cascading_retry_storm,medium,158,19,0.0
0.0,0.0,0.0,0.0,0.0,0.0,0.0,json_parse_error: Expecting value: line 1 column 1 (char 0),cascading_retry_storm,medium,159,19,0.0
0.0,0.0,0.0,0.0,0.0,0.0,0.0,json_parse_error: Expecting value: line 1 column 1 (char 0),connection_pool_exhaustion,medium,160,20,0.0
0.0,0.0,0.0,0.0,0.0,0.0,0.0,json_parse_error: Expecting value: line 1 column 1 (char 0),connection_pool_exhaustion,medium,161,20,0.0
0.0,0.0,0.0,0.0,0.0,0.0,0.0,json_parse_error: Expecting value: line 1 column 1 (char 0),memory_leak,easy,162,20,0.0
0.0,0.0,0.0,0.0,0.0,0.0,0.0,json_parse_error: Expecting value: line 1 column 1 (char 0),memory_leak,easy,163,20,0.0
0.0,0.0,0.0,0.0,0.0,0.0,0.0,json_parse_error: Expecting value: line 1 column 1 (char 0),memory_leak,easy,164,20,0.0
0.0,0.0,0.0,0.0,0.0,0.0,0.0,json_parse_error: Expecting value: line 1 column 1 (char 0),memory_leak,easy,165,20,0.0
0.0,0.0,0.0,0.0,0.0,0.0,0.0,json_parse_error: Expecting value: line 1 column 1 (char 0),cascading_retry_storm,medium,166,20,0.0
0.0,0.0,0.0,0.0,0.0,0.0,0.0,json_parse_error: Expecting value: line 1 column 1 (char 0),cascading_retry_storm,medium,167,20,0.0
0.0,0.0,0.0,0.0,0.0,0.0,0.0,json_parse_error: Expecting value: line 1 column 1 (char 0),memory_leak,easy,168,21,0.0
0.0,0.0,0.0,0.0,0.0,0.0,0.0,json_parse_error: Expecting value: line 1 column 1 (char 0),memory_leak,easy,169,21,0.0
0.0,0.0,0.0,0.0,0.0,0.0,0.0,json_parse_error: Expecting value: line 1 column 1 (char 0),memory_leak,easy,170,21,0.0
0.0,0.0,0.0,0.0,0.0,0.0,0.0,json_parse_error: Expecting value: line 1 column 1 (char 0),memory_leak,easy,171,21,0.0
0.0,0.0,0.0,0.0,0.0,0.0,0.0,json_parse_error: Expecting value: line 1 column 1 (char 0),cascading_retry_storm,medium,172,21,0.0
0.0,0.0,0.0,0.0,0.0,0.0,0.0,json_parse_error: Expecting value: line 1 column 1 (char 0),cascading_retry_storm,medium,173,21,0.0
0.0,0.0,0.0,0.0,0.0,0.0,0.0,json_parse_error: Expecting value: line 1 column 1 (char 0),memory_leak,easy,174,21,0.0
0.0,0.0,0.0,0.0,0.0,0.0,0.0,json_parse_error: Expecting value: line 1 column 1 (char 0),memory_leak,easy,175,21,0.0
0.0,0.0,0.0,0.0,0.0,0.0,0.0,json_parse_error: Expecting value: line 1 column 1 (char 0),cascading_retry_storm,medium,176,22,0.0
0.0,0.0,0.0,0.0,0.0,0.0,0.0,json_parse_error: Expecting value: line 1 column 1 (char 0),cascading_retry_storm,medium,177,22,0.0
0.0,0.0,0.0,0.0,0.0,0.0,0.0,json_parse_error: Expecting value: line 1 column 1 (char 0),memory_leak,easy,178,22,0.0
0.0,0.0,0.0,0.0,0.0,0.0,0.0,json_parse_error: Expecting value: line 1 column 1 (char 0),memory_leak,easy,179,22,0.0
0.0,0.0,0.0,0.0,0.0,0.0,0.0,json_parse_error: Expecting value: line 1 column 1 (char 0),memory_leak,easy,180,22,0.0
0.0,0.0,0.0,0.0,0.0,0.0,0.0,json_parse_error: Expecting value: line 1 column 1 (char 0),memory_leak,easy,181,22,0.0
0.0,0.0,0.0,0.0,0.0,0.0,0.0,json_parse_error: Expecting value: line 1 column 1 (char 0),memory_leak,easy,182,22,0.0
0.0,0.0,0.0,0.0,0.0,0.0,0.0,json_parse_error: Expecting value: line 1 column 1 (char 0),memory_leak,easy,183,22,0.0
0.0,0.0,0.0,0.0,0.0,0.0,0.0,json_parse_error: Expecting value: line 1 column 1 (char 0),memory_leak,easy,184,23,0.0
0.0,0.0,0.0,0.0,0.0,0.0,0.0,json_parse_error: Expecting value: line 1 column 1 (char 0),memory_leak,easy,185,23,0.0
0.0,0.0,0.0,0.0,0.0,0.0,0.0,json_parse_error: Expecting value: line 1 column 1 (char 0),memory_leak,easy,186,23,0.0
0.0,0.0,0.0,0.0,0.0,0.0,0.0,json_parse_error: Expecting value: line 1 column 1 (char 0),memory_leak,easy,187,23,0.0
0.0,0.0,0.0,0.0,0.0,0.0,0.0,json_parse_error: Expecting value: line 1 column 1 (char 0),memory_leak,easy,188,23,0.0
0.0,0.0,0.0,0.0,0.0,0.0,0.0,json_parse_error: Expecting value: line 1 column 1 (char 0),memory_leak,easy,189,23,0.0
0.0,0.0,0.0,0.0,0.0,0.0,0.0,json_parse_error: Expecting value: line 1 column 1 (char 0),memory_leak,easy,190,23,0.0
0.0,0.0,0.0,0.0,0.0,0.0,0.0,json_parse_error: Expecting value: line 1 column 1 (char 0),memory_leak,easy,191,23,0.0
0.0,0.0,0.0,0.0,0.0,0.0,0.0,json_parse_error: Expecting value: line 1 column 1 (char 0),connection_pool_exhaustion,medium,192,24,0.0
0.0,0.0,0.0,0.0,0.0,0.0,0.0,json_parse_error: Expecting value: line 1 column 1 (char 0),connection_pool_exhaustion,medium,193,24,0.0
0.0,0.0,0.0,0.0,0.0,0.0,0.0,json_parse_error: Expecting value: line 1 column 1 (char 0),memory_leak,easy,194,24,0.0
0.0,0.0,0.0,0.0,0.0,0.0,0.0,json_parse_error: Expecting value: line 1 column 1 (char 0),memory_leak,easy,195,24,0.0
0.0,0.0,0.0,0.0,0.0,0.0,0.0,json_parse_error: Expecting value: line 1 column 1 (char 0),memory_leak,easy,196,24,0.0
0.0,0.0,0.0,0.0,0.0,0.0,0.0,json_parse_error: Expecting value: line 1 column 1 (char 0),memory_leak,easy,197,24,0.0
0.0,0.0,0.0,0.0,0.0,0.0,0.0,json_parse_error: Expecting value: line 1 column 1 (char 0),memory_leak,easy,198,24,0.0
0.0,0.0,0.0,0.0,0.0,0.0,0.0,json_parse_error: Expecting value: line 1 column 1 (char 0),memory_leak,easy,199,24,0.0
0.0,0.0,0.0,0.0,0.0,0.0,0.0,json_parse_error: Expecting value: line 1 column 1 (char 0),memory_leak,easy,200,25,0.0
0.0,0.0,0.0,0.0,0.0,0.0,0.0,json_parse_error: Expecting value: line 1 column 1 (char 0),memory_leak,easy,201,25,0.0
0.0,0.0,0.0,0.0,0.0,0.0,0.0,json_parse_error: Expecting value: line 1 column 1 (char 0),memory_leak,easy,202,25,0.0
0.0,0.0,0.0,0.0,0.0,0.0,0.0,json_parse_error: Expecting value: line 1 column 1 (char 0),memory_leak,easy,203,25,0.0
0.0,0.0,0.0,0.0,0.0,0.0,0.0,json_parse_error: Expecting value: line 1 column 1 (char 0),memory_leak,easy,204,25,0.0
0.0,0.0,0.0,0.0,0.0,0.0,0.0,json_parse_error: Expecting value: line 1 column 1 (char 0),memory_leak,easy,205,25,0.0
0.0,0.0,0.0,0.0,0.0,0.0,0.0,json_parse_error: Expecting value: line 1 column 1 (char 0),connection_pool_exhaustion,medium,206,25,0.0
0.0,0.0,0.0,0.0,0.0,0.0,0.0,json_parse_error: Expecting value: line 1 column 1 (char 0),connection_pool_exhaustion,medium,207,25,0.0
0.0,0.0,0.0,0.0,0.0,0.0,0.0,json_parse_error: Expecting value: line 1 column 1 (char 0),cascading_retry_storm,medium,208,26,0.0
0.0,0.0,0.0,0.0,0.0,0.0,0.0,json_parse_error: Expecting value: line 1 column 1 (char 0),cascading_retry_storm,medium,209,26,0.0
0.0,0.0,0.0,0.0,0.0,0.0,0.0,json_parse_error: Expecting value: line 1 column 1 (char 0),memory_leak,easy,210,26,0.0
0.0,0.0,0.0,0.0,0.0,0.0,0.0,json_parse_error: Expecting value: line 1 column 1 (char 0),memory_leak,easy,211,26,0.0
0.0,0.0,0.0,0.0,0.0,0.0,0.0,json_parse_error: Expecting value: line 1 column 1 (char 0),memory_leak,easy,212,26,0.0
0.0,0.0,0.0,0.0,0.0,0.0,0.0,json_parse_error: Expecting value: line 1 column 1 (char 0),memory_leak,easy,213,26,0.0
0.0,0.0,0.0,0.0,0.0,0.0,0.0,json_parse_error: Expecting value: line 1 column 1 (char 0),memory_leak,easy,214,26,0.0
0.0,0.0,0.0,0.0,0.0,0.0,0.0,json_parse_error: Expecting value: line 1 column 1 (char 0),memory_leak,easy,215,26,0.0
0.0,0.0,0.0,0.0,0.0,0.0,0.0,json_parse_error: Expecting value: line 1 column 1 (char 0),memory_leak,easy,216,27,0.0
0.0,0.0,0.0,0.0,0.0,0.0,0.0,json_parse_error: Expecting value: line 1 column 1 (char 0),memory_leak,easy,217,27,0.0
0.0,0.0,0.0,0.0,0.0,0.0,0.0,json_parse_error: Expecting value: line 1 column 1 (char 0),memory_leak,easy,218,27,0.0
0.0,0.0,0.0,0.0,0.0,0.0,0.0,json_parse_error: Expecting value: line 1 column 1 (char 0),memory_leak,easy,219,27,0.0
0.0,0.0,0.0,0.0,0.0,0.0,0.0,json_parse_error: Expecting value: line 1 column 1 (char 0),memory_leak,easy,220,27,0.0
0.0,0.0,0.0,0.0,0.0,0.0,0.0,json_parse_error: Expecting value: line 1 column 1 (char 0),memory_leak,easy,221,27,0.0
0.0,0.0,0.0,0.0,0.0,0.0,0.0,json_parse_error: Expecting value: line 1 column 1 (char 0),memory_leak,easy,222,27,0.0
0.0,0.0,0.0,0.0,0.0,0.0,0.0,json_parse_error: Expecting value: line 1 column 1 (char 0),memory_leak,easy,223,27,0.0
0.0,0.0,0.0,0.0,0.0,0.0,0.0,json_parse_error: Expecting value: line 1 column 1 (char 0),memory_leak,easy,224,28,0.0
0.0,0.0,0.0,0.0,0.0,0.0,0.0,json_parse_error: Expecting value: line 1 column 1 (char 0),memory_leak,easy,225,28,0.0
0.0,0.0,0.0,0.0,0.0,0.0,0.0,json_parse_error: Expecting value: line 1 column 1 (char 0),memory_leak,easy,226,28,0.0
0.0,0.0,0.0,0.0,0.0,0.0,0.0,json_parse_error: Expecting value: line 1 column 1 (char 0),memory_leak,easy,227,28,0.0
0.0,0.0,0.0,0.0,0.0,0.0,0.0,json_parse_error: Expecting value: line 1 column 1 (char 0),memory_leak,easy,228,28,0.0
0.0,0.0,0.0,0.0,0.0,0.0,0.0,json_parse_error: Expecting value: line 1 column 1 (char 0),memory_leak,easy,229,28,0.0
0.0,0.0,0.0,0.0,0.0,0.0,0.0,json_parse_error: Expecting value: line 1 column 1 (char 0),memory_leak,easy,230,28,0.0
0.0,0.0,0.0,0.0,0.0,0.0,0.0,json_parse_error: Expecting value: line 1 column 1 (char 0),memory_leak,easy,231,28,0.0
0.0,0.0,0.0,0.0,0.0,0.0,0.0,json_parse_error: Expecting value: line 1 column 1 (char 0),memory_leak,easy,232,29,0.0
0.0,0.0,0.0,0.0,0.0,0.0,0.0,json_parse_error: Expecting value: line 1 column 1 (char 0),memory_leak,easy,233,29,0.0
0.0,0.0,0.0,0.0,0.0,0.0,0.0,json_parse_error: Expecting value: line 1 column 1 (char 0),memory_leak,easy,234,29,0.0
0.0,0.0,0.0,0.0,0.0,0.0,0.0,json_parse_error: Expecting value: line 1 column 1 (char 0),memory_leak,easy,235,29,0.0
0.0,0.0,0.0,0.0,0.0,0.0,0.0,json_parse_error: Expecting value: line 1 column 1 (char 0),memory_leak,easy,236,29,0.0
0.0,0.0,0.0,0.0,0.0,0.0,0.0,json_parse_error: Expecting value: line 1 column 1 (char 0),memory_leak,easy,237,29,0.0
0.0,0.0,0.0,0.0,0.0,0.0,0.0,json_parse_error: Expecting value: line 1 column 1 (char 0),memory_leak,easy,238,29,0.0
0.0,0.0,0.0,0.0,0.0,0.0,0.0,json_parse_error: Expecting value: line 1 column 1 (char 0),memory_leak,easy,239,29,0.0
0.0,0.0,0.0,0.0,0.0,0.0,0.0,json_parse_error: Expecting value: line 1 column 1 (char 0),connection_pool_exhaustion,medium,240,30,0.0
0.0,0.0,0.0,0.0,0.0,0.0,0.0,json_parse_error: Expecting value: line 1 column 1 (char 0),connection_pool_exhaustion,medium,241,30,0.0
0.0,0.0,0.0,0.0,0.0,0.0,0.0,json_parse_error: Expecting value: line 1 column 1 (char 0),memory_leak,easy,242,30,0.0
0.0,0.0,0.0,0.0,0.0,0.0,0.0,json_parse_error: Expecting value: line 1 column 1 (char 0),memory_leak,easy,243,30,0.0
0.0,0.0,0.0,0.0,0.0,0.0,0.0,json_parse_error: Expecting value: line 1 column 1 (char 0),memory_leak,easy,244,30,0.0
0.0,0.0,0.0,0.0,0.0,0.0,0.0,json_parse_error: Expecting value: line 1 column 1 (char 0),memory_leak,easy,245,30,0.0
0.0,0.0,0.0,0.0,0.0,0.0,0.0,json_parse_error: Expecting value: line 1 column 1 (char 0),memory_leak,easy,246,30,0.0
0.0,0.0,0.0,0.0,0.0,0.0,0.0,json_parse_error: Expecting value: line 1 column 1 (char 0),memory_leak,easy,247,30,0.0
0.0,0.0,0.0,0.0,0.0,0.0,0.0,json_parse_error: Expecting value: line 1 column 1 (char 0),memory_leak,easy,248,31,0.0
0.0,0.0,0.0,0.0,0.0,0.0,0.0,json_parse_error: Expecting value: line 1 column 1 (char 0),memory_leak,easy,249,31,0.0
0.0,0.0,0.0,0.0,0.0,0.0,0.0,json_parse_error: Expecting value: line 1 column 1 (char 0),memory_leak,easy,250,31,0.0
0.0,0.0,0.0,0.0,0.0,0.0,0.0,json_parse_error: Expecting value: line 1 column 1 (char 0),memory_leak,easy,251,31,0.0
0.0,0.0,0.0,0.0,0.0,0.0,0.0,json_parse_error: Expecting value: line 1 column 1 (char 0),memory_leak,easy,252,31,0.0
0.0,0.0,0.0,0.0,0.0,0.0,0.0,json_parse_error: Expecting value: line 1 column 1 (char 0),memory_leak,easy,253,31,0.0
0.0,0.0,0.0,0.0,0.0,0.0,0.0,json_parse_error: Expecting value: line 1 column 1 (char 0),connection_pool_exhaustion,medium,254,31,0.0
0.0,0.0,0.0,0.0,0.0,0.0,0.0,json_parse_error: Expecting value: line 1 column 1 (char 0),connection_pool_exhaustion,medium,255,31,0.0
0.0,0.0,0.0,0.0,0.0,0.0,0.0,json_parse_error: Expecting value: line 1 column 1 (char 0),memory_leak,easy,256,32,0.0
0.0,0.0,0.0,0.0,0.0,0.0,0.0,json_parse_error: Expecting value: line 1 column 1 (char 0),memory_leak,easy,257,32,0.0
0.0,0.0,0.0,0.0,0.0,0.0,0.0,json_parse_error: Expecting value: line 1 column 1 (char 0),memory_leak,easy,258,32,0.0
0.0,0.0,0.0,0.0,0.0,0.0,0.0,json_parse_error: Expecting value: line 1 column 1 (char 0),memory_leak,easy,259,32,0.0
0.0,0.0,0.0,0.0,0.0,0.0,0.0,json_parse_error: Expecting value: line 1 column 1 (char 0),memory_leak,easy,260,32,0.0
0.0,0.0,0.0,0.0,0.0,0.0,0.0,json_parse_error: Expecting value: line 1 column 1 (char 0),memory_leak,easy,261,32,0.0
0.0,0.0,0.0,0.0,0.0,0.0,0.0,json_parse_error: Expecting value: line 1 column 1 (char 0),memory_leak,easy,262,32,0.0
0.0,0.0,0.0,0.0,0.0,0.0,0.0,json_parse_error: Expecting value: line 1 column 1 (char 0),memory_leak,easy,263,32,0.0
0.0,0.0,0.0,0.0,0.0,0.0,0.0,json_parse_error: Expecting value: line 1 column 1 (char 0),memory_leak,easy,264,33,0.0
0.0,0.0,0.0,0.0,0.0,0.0,0.0,json_parse_error: Expecting value: line 1 column 1 (char 0),memory_leak,easy,265,33,0.0
0.0,0.0,0.0,0.0,0.0,0.0,0.0,json_parse_error: Expecting value: line 1 column 1 (char 0),memory_leak,easy,266,33,0.0
0.0,0.0,0.0,0.0,0.0,0.0,0.0,json_parse_error: Expecting value: line 1 column 1 (char 0),memory_leak,easy,267,33,0.0
0.0,0.0,0.0,0.0,0.0,0.0,0.0,json_parse_error: Expecting value: line 1 column 1 (char 0),memory_leak,easy,268,33,0.0
0.0,0.0,0.0,0.0,0.0,0.0,0.0,json_parse_error: Expecting value: line 1 column 1 (char 0),memory_leak,easy,269,33,0.0
0.0,0.0,0.0,0.0,0.0,0.0,0.0,json_parse_error: Expecting value: line 1 column 1 (char 0),memory_leak,easy,270,33,0.0
0.0,0.0,0.0,0.0,0.0,0.0,0.0,json_parse_error: Expecting value: line 1 column 1 (char 0),memory_leak,easy,271,33,0.0
0.0,0.0,0.0,0.0,0.0,0.0,0.0,json_parse_error: Expecting value: line 1 column 1 (char 0),cascading_retry_storm,medium,272,34,0.0
0.0,0.0,0.0,0.0,0.0,0.0,0.0,json_parse_error: Expecting value: line 1 column 1 (char 0),cascading_retry_storm,medium,273,34,0.0
0.0,0.0,0.0,0.0,0.0,0.0,0.0,json_parse_error: Expecting value: line 1 column 1 (char 0),memory_leak,easy,274,34,0.0
0.0,0.0,0.0,0.0,0.0,0.0,0.0,json_parse_error: Expecting value: line 1 column 1 (char 0),memory_leak,easy,275,34,0.0
0.0,0.0,0.0,0.0,0.0,0.0,0.0,json_parse_error: Expecting value: line 1 column 1 (char 0),memory_leak,easy,276,34,0.0
0.0,0.0,0.0,0.0,0.0,0.0,0.0,json_parse_error: Expecting value: line 1 column 1 (char 0),memory_leak,easy,277,34,0.0
0.0,0.0,0.0,0.0,0.0,0.0,0.0,json_parse_error: Expecting value: line 1 column 1 (char 0),memory_leak,easy,278,34,0.0
0.0,0.0,0.0,0.0,0.0,0.0,0.0,json_parse_error: Expecting value: line 1 column 1 (char 0),memory_leak,easy,279,34,0.0
0.0,0.0,0.0,0.0,0.0,0.0,0.0,json_parse_error: Expecting value: line 1 column 1 (char 0),connection_pool_exhaustion,medium,280,35,0.0
0.0,0.0,0.0,0.0,0.0,0.0,0.0,json_parse_error: Expecting value: line 1 column 1 (char 0),connection_pool_exhaustion,medium,281,35,0.0
0.0,0.0,0.0,0.0,0.0,0.0,0.0,json_parse_error: Expecting value: line 1 column 1 (char 0),connection_pool_exhaustion,medium,282,35,0.0
0.0,0.0,0.0,0.0,0.0,0.0,0.0,json_parse_error: Expecting value: line 1 column 1 (char 0),connection_pool_exhaustion,medium,283,35,0.0
0.0,0.0,0.0,0.0,0.0,0.0,0.0,json_parse_error: Expecting value: line 1 column 1 (char 0),memory_leak,easy,284,35,0.0
0.0,0.0,0.0,0.0,0.0,0.0,0.0,json_parse_error: Expecting value: line 1 column 1 (char 0),memory_leak,easy,285,35,0.0
0.0,0.0,0.0,0.0,0.0,0.0,0.0,json_parse_error: Expecting value: line 1 column 1 (char 0),memory_leak,easy,286,35,0.0
0.0,0.0,0.0,0.0,0.0,0.0,0.0,json_parse_error: Expecting value: line 1 column 1 (char 0),memory_leak,easy,287,35,0.0
0.0,0.0,0.0,0.0,0.0,0.0,0.0,json_parse_error: Expecting value: line 1 column 1 (char 0),memory_leak,easy,288,36,0.0
0.0,0.0,0.0,0.0,0.0,0.0,0.0,json_parse_error: Expecting value: line 1 column 1 (char 0),memory_leak,easy,289,36,0.0
0.0,0.0,0.0,0.0,0.0,0.0,0.0,json_parse_error: Expecting value: line 1 column 1 (char 0),memory_leak,easy,290,36,0.0
0.0,0.0,0.0,0.0,0.0,0.0,0.0,json_parse_error: Expecting value: line 1 column 1 (char 0),memory_leak,easy,291,36,0.0
0.0,0.0,0.0,0.0,0.0,0.0,0.0,json_parse_error: Expecting value: line 1 column 1 (char 0),memory_leak,easy,292,36,0.0
0.0,0.0,0.0,0.0,0.0,0.0,0.0,json_parse_error: Expecting value: line 1 column 1 (char 0),memory_leak,easy,293,36,0.0
0.0,0.0,0.0,0.0,0.0,0.0,0.0,json_parse_error: Expecting value: line 1 column 1 (char 0),memory_leak,easy,294,36,0.0
0.0,0.0,0.0,0.0,0.0,0.0,0.0,json_parse_error: Expecting value: line 1 column 1 (char 0),memory_leak,easy,295,36,0.0
0.0,0.0,0.0,0.0,0.0,0.0,0.0,json_parse_error: Expecting value: line 1 column 1 (char 0),memory_leak,easy,296,37,0.0
0.0,0.0,0.0,0.0,0.0,0.0,0.0,json_parse_error: Expecting value: line 1 column 1 (char 0),memory_leak,easy,297,37,0.0
0.0,0.0,0.0,0.0,0.0,0.0,0.0,json_parse_error: Expecting value: line 1 column 1 (char 0),cascading_retry_storm,medium,298,37,0.0
0.0,0.0,0.0,0.0,0.0,0.0,0.0,json_parse_error: Expecting value: line 1 column 1 (char 0),cascading_retry_storm,medium,299,37,0.0
0.0,0.0,0.0,0.0,0.0,0.0,0.0,json_parse_error: Expecting value: line 1 column 1 (char 0),memory_leak,easy,300,37,0.0
0.0,0.0,0.0,0.0,0.0,0.0,0.0,json_parse_error: Expecting value: line 1 column 1 (char 0),memory_leak,easy,301,37,0.0
0.0,0.0,0.0,0.0,0.0,0.0,0.0,json_parse_error: Expecting value: line 1 column 1 (char 0),memory_leak,easy,302,37,0.0
0.0,0.0,0.0,0.0,0.0,0.0,0.0,json_parse_error: Expecting value: line 1 column 1 (char 0),memory_leak,easy,303,37,0.0
0.0,0.0,0.0,0.0,0.0,0.0,0.0,json_parse_error: Expecting value: line 1 column 1 (char 0),memory_leak,easy,304,38,0.0
0.0,0.0,0.0,0.0,0.0,0.0,0.0,json_parse_error: Expecting value: line 1 column 1 (char 0),memory_leak,easy,305,38,0.0
0.0,0.0,0.0,0.0,0.0,0.0,0.0,json_parse_error: Expecting value: line 1 column 1 (char 0),memory_leak,easy,306,38,0.0
0.0,0.0,0.0,0.0,0.0,0.0,0.0,json_parse_error: Expecting value: line 1 column 1 (char 0),memory_leak,easy,307,38,0.0
0.0,0.0,0.0,0.0,0.0,0.0,0.0,json_parse_error: Expecting value: line 1 column 1 (char 0),memory_leak,easy,308,38,0.0
0.0,0.0,0.0,0.0,0.0,0.0,0.0,json_parse_error: Expecting value: line 1 column 1 (char 0),memory_leak,easy,309,38,0.0
0.0,0.0,0.0,0.0,0.0,0.0,0.0,json_parse_error: Expecting value: line 1 column 1 (char 0),connection_pool_exhaustion,medium,310,38,0.0
0.0,0.0,0.0,0.0,0.0,0.0,0.0,json_parse_error: Expecting value: line 1 column 1 (char 0),connection_pool_exhaustion,medium,311,38,0.0
0.0,0.0,0.0,0.0,0.0,0.0,0.0,json_parse_error: Expecting value: line 1 column 1 (char 0),memory_leak,easy,312,39,0.0
0.0,0.0,0.0,0.0,0.0,0.0,0.0,json_parse_error: Expecting value: line 1 column 1 (char 0),memory_leak,easy,313,39,0.0
0.0,0.0,0.0,0.0,0.0,0.0,0.0,json_parse_error: Expecting value: line 1 column 1 (char 0),memory_leak,easy,314,39,0.0
0.0,0.0,0.0,0.0,0.0,0.0,0.0,json_parse_error: Expecting value: line 1 column 1 (char 0),memory_leak,easy,315,39,0.0
0.0,0.0,0.0,0.0,0.0,0.0,0.0,json_parse_error: Expecting value: line 1 column 1 (char 0),memory_leak,easy,316,39,0.0
0.0,0.0,0.0,0.0,0.0,0.0,0.0,json_parse_error: Expecting value: line 1 column 1 (char 0),memory_leak,easy,317,39,0.0
0.0,0.0,0.0,0.0,0.0,0.0,0.0,json_parse_error: Expecting value: line 1 column 1 (char 0),connection_pool_exhaustion,medium,318,39,0.0
0.0,0.0,0.0,0.0,0.0,0.0,0.0,json_parse_error: Expecting value: line 1 column 1 (char 0),connection_pool_exhaustion,medium,319,39,0.0
0.0,0.0,0.0,0.0,0.0,0.0,0.0,json_parse_error: Expecting value: line 1 column 1 (char 0),memory_leak,easy,320,40,0.0
0.0,0.0,0.0,0.0,0.0,0.0,0.0,json_parse_error: Expecting value: line 1 column 1 (char 0),memory_leak,easy,321,40,0.0
0.0,0.0,0.0,0.0,0.0,0.0,0.0,json_parse_error: Expecting value: line 1 column 1 (char 0),connection_pool_exhaustion,medium,322,40,0.0
0.0,0.0,0.0,0.0,0.0,0.0,0.0,json_parse_error: Expecting value: line 1 column 1 (char 0),connection_pool_exhaustion,medium,323,40,0.0
0.0,0.0,0.0,0.0,0.0,0.0,0.0,json_parse_error: Expecting value: line 1 column 1 (char 0),memory_leak,easy,324,40,0.0
0.0,0.0,0.0,0.0,0.0,0.0,0.0,json_parse_error: Expecting value: line 1 column 1 (char 0),memory_leak,easy,325,40,0.0
0.0,0.0,0.0,0.0,0.0,0.0,0.0,json_parse_error: Expecting value: line 1 column 1 (char 0),memory_leak,easy,326,40,0.0
0.0,0.0,0.0,0.0,0.0,0.0,0.0,json_parse_error: Expecting value: line 1 column 1 (char 0),memory_leak,easy,327,40,0.0
0.0,0.0,0.0,0.0,0.0,0.0,0.0,json_parse_error: Expecting value: line 1 column 1 (char 0),memory_leak,easy,328,41,0.0
0.0,0.0,0.0,0.0,0.0,0.0,0.0,json_parse_error: Expecting value: line 1 column 1 (char 0),memory_leak,easy,329,41,0.0
0.0,0.0,0.0,0.0,0.0,0.0,0.0,json_parse_error: Expecting value: line 1 column 1 (char 0),memory_leak,easy,330,41,0.0
0.0,0.0,0.0,0.0,0.0,0.0,0.0,json_parse_error: Expecting value: line 1 column 1 (char 0),memory_leak,easy,331,41,0.0
0.0,0.0,0.0,0.0,0.0,0.0,0.0,json_parse_error: Expecting value: line 1 column 1 (char 0),memory_leak,easy,332,41,0.0
0.0,0.0,0.0,0.0,0.0,0.0,0.0,json_parse_error: Expecting value: line 1 column 1 (char 0),memory_leak,easy,333,41,0.0
0.0,0.0,0.0,0.0,0.0,0.0,0.0,json_parse_error: Expecting value: line 1 column 1 (char 0),memory_leak,easy,334,41,0.0
0.0,0.0,0.0,0.0,0.0,0.0,0.0,json_parse_error: Expecting value: line 1 column 1 (char 0),memory_leak,easy,335,41,0.0
0.0,0.0,0.0,0.0,0.0,0.0,0.0,json_parse_error: Expecting value: line 1 column 1 (char 0),memory_leak,easy,336,42,0.0
0.0,0.0,0.0,0.0,0.0,0.0,0.0,json_parse_error: Expecting value: line 1 column 1 (char 0),memory_leak,easy,337,42,0.0
0.0,0.0,0.0,0.0,0.0,0.0,0.0,json_parse_error: Expecting value: line 1 column 1 (char 0),memory_leak,easy,338,42,0.0
0.0,0.0,0.0,0.0,0.0,0.0,0.0,json_parse_error: Expecting value: line 1 column 1 (char 0),memory_leak,easy,339,42,0.0
0.0,0.0,0.0,0.0,0.0,0.0,0.0,json_parse_error: Expecting value: line 1 column 1 (char 0),memory_leak,easy,340,42,0.0
0.0,0.0,0.0,0.0,0.0,0.0,0.0,json_parse_error: Expecting value: line 1 column 1 (char 0),memory_leak,easy,341,42,0.0
0.0,0.0,0.0,0.0,0.0,0.0,0.0,json_parse_error: Expecting value: line 1 column 1 (char 0),memory_leak,easy,342,42,0.0
0.0,0.0,0.0,0.0,0.0,0.0,0.0,json_parse_error: Expecting value: line 1 column 1 (char 0),memory_leak,easy,343,42,0.0
0.0,0.0,0.0,0.0,0.0,0.0,0.0,json_parse_error: Expecting value: line 1 column 1 (char 0),memory_leak,easy,344,43,0.0
0.0,0.0,0.0,0.0,0.0,0.0,0.0,json_parse_error: Expecting value: line 1 column 1 (char 0),memory_leak,easy,345,43,0.0
0.0,0.0,0.0,0.0,0.0,0.0,0.0,json_parse_error: Expecting value: line 1 column 1 (char 0),memory_leak,easy,346,43,0.0
0.0,0.0,0.0,0.0,0.0,0.0,0.0,json_parse_error: Expecting value: line 1 column 1 (char 0),memory_leak,easy,347,43,0.0
0.0,0.0,0.0,0.0,0.0,0.0,0.0,json_parse_error: Expecting value: line 1 column 1 (char 0),memory_leak,easy,348,43,0.0
0.0,0.0,0.0,0.0,0.0,0.0,0.0,json_parse_error: Expecting value: line 1 column 1 (char 0),memory_leak,easy,349,43,0.0
0.0,0.0,0.0,0.0,0.0,0.0,0.0,json_parse_error: Expecting value: line 1 column 1 (char 0),memory_leak,easy,350,43,0.0
0.0,0.0,0.0,0.0,0.0,0.0,0.0,json_parse_error: Expecting value: line 1 column 1 (char 0),memory_leak,easy,351,43,0.0
0.0,0.0,0.0,0.0,0.0,0.0,0.0,json_parse_error: Expecting value: line 1 column 1 (char 0),memory_leak,easy,352,44,0.0
0.0,0.0,0.0,0.0,0.0,0.0,0.0,json_parse_error: Expecting value: line 1 column 1 (char 0),memory_leak,easy,353,44,0.0
0.0,0.0,0.0,0.0,0.0,0.0,0.0,json_parse_error: Expecting value: line 1 column 1 (char 0),memory_leak,easy,354,44,0.0
0.0,0.0,0.0,0.0,0.0,0.0,0.0,json_parse_error: Expecting value: line 1 column 1 (char 0),memory_leak,easy,355,44,0.0
0.0,0.0,0.0,0.0,0.0,0.0,0.0,json_parse_error: Expecting value: line 1 column 1 (char 0),memory_leak,easy,356,44,0.0
0.0,0.0,0.0,0.0,0.0,0.0,0.0,json_parse_error: Expecting value: line 1 column 1 (char 0),memory_leak,easy,357,44,0.0
0.0,0.0,0.0,0.0,0.0,0.0,0.0,json_parse_error: Expecting value: line 1 column 1 (char 0),memory_leak,easy,358,44,0.0
0.0,0.0,0.0,0.0,0.0,0.0,0.0,json_parse_error: Expecting value: line 1 column 1 (char 0),memory_leak,easy,359,44,0.0
0.0,0.0,0.0,0.0,0.0,0.0,0.0,json_parse_error: Expecting value: line 1 column 1 (char 0),memory_leak,easy,360,45,0.0
0.0,0.0,0.0,0.0,0.0,0.0,0.0,json_parse_error: Expecting value: line 1 column 1 (char 0),memory_leak,easy,361,45,0.0
0.0,0.0,0.0,0.0,0.0,0.0,0.0,json_parse_error: Expecting value: line 1 column 1 (char 0),connection_pool_exhaustion,medium,362,45,0.0
0.0,0.0,0.0,0.0,0.0,0.0,0.0,json_parse_error: Expecting value: line 1 column 1 (char 0),connection_pool_exhaustion,medium,363,45,0.0
0.0,0.0,0.0,0.0,0.0,0.0,0.0,json_parse_error: Expecting value: line 1 column 1 (char 0),cascading_retry_storm,medium,364,45,0.0
0.0,0.0,0.0,0.0,0.0,0.0,0.0,json_parse_error: Expecting value: line 1 column 1 (char 0),cascading_retry_storm,medium,365,45,0.0
0.0,0.0,0.0,0.0,0.0,0.0,0.0,json_parse_error: Expecting value: line 1 column 1 (char 0),memory_leak,easy,366,45,0.0
0.0,0.0,0.0,0.0,0.0,0.0,0.0,json_parse_error: Expecting value: line 1 column 1 (char 0),memory_leak,easy,367,45,0.0
0.0,0.0,0.0,0.0,0.0,0.0,0.0,json_parse_error: Expecting value: line 1 column 1 (char 0),memory_leak,easy,368,46,0.0
0.0,0.0,0.0,0.0,0.0,0.0,0.0,json_parse_error: Expecting value: line 1 column 1 (char 0),memory_leak,easy,369,46,0.0
0.0,0.0,0.0,0.0,0.0,0.0,0.0,json_parse_error: Expecting value: line 1 column 1 (char 0),connection_pool_exhaustion,medium,370,46,0.0
0.0,0.0,0.0,0.0,0.0,0.0,0.0,json_parse_error: Expecting value: line 1 column 1 (char 0),connection_pool_exhaustion,medium,371,46,0.0
0.0,0.0,0.0,0.0,0.0,0.0,0.0,json_parse_error: Expecting value: line 1 column 1 (char 0),memory_leak,easy,372,46,0.0
0.0,0.0,0.0,0.0,0.0,0.0,0.0,json_parse_error: Expecting value: line 1 column 1 (char 0),memory_leak,easy,373,46,0.0
0.0,0.0,0.0,0.0,0.0,0.0,0.0,json_parse_error: Expecting value: line 1 column 1 (char 0),memory_leak,easy,374,46,0.0
0.0,0.0,0.0,0.0,0.0,0.0,0.0,json_parse_error: Expecting value: line 1 column 1 (char 0),memory_leak,easy,375,46,0.0
0.0,0.0,0.0,0.0,0.0,0.0,0.0,json_parse_error: Expecting value: line 1 column 1 (char 0),memory_leak,easy,376,47,0.0
0.0,0.0,0.0,0.0,0.0,0.0,0.0,json_parse_error: Expecting value: line 1 column 1 (char 0),memory_leak,easy,377,47,0.0
0.0,0.0,0.0,0.0,0.0,0.0,0.0,json_parse_error: Expecting value: line 1 column 1 (char 0),connection_pool_exhaustion,medium,378,47,0.0
0.0,0.0,0.0,0.0,0.0,0.0,0.0,json_parse_error: Expecting value: line 1 column 1 (char 0),connection_pool_exhaustion,medium,379,47,0.0
0.0,0.0,0.0,0.0,0.0,0.0,0.0,json_parse_error: Expecting value: line 1 column 1 (char 0),memory_leak,easy,380,47,0.0
0.0,0.0,0.0,0.0,0.0,0.0,0.0,json_parse_error: Expecting value: line 1 column 1 (char 0),memory_leak,easy,381,47,0.0
0.0,0.0,0.0,0.0,0.0,0.0,0.0,json_parse_error: Expecting value: line 1 column 1 (char 0),memory_leak,easy,382,47,0.0
0.0,0.0,0.0,0.0,0.0,0.0,0.0,json_parse_error: Expecting value: line 1 column 1 (char 0),memory_leak,easy,383,47,0.0
0.0,0.0,0.0,0.0,0.0,0.0,0.0,json_parse_error: Expecting value: line 1 column 1 (char 0),memory_leak,easy,384,48,0.0
0.0,0.0,0.0,0.0,0.0,0.0,0.0,json_parse_error: Expecting value: line 1 column 1 (char 0),memory_leak,easy,385,48,0.0
0.0,0.0,0.0,0.0,0.0,0.0,0.0,json_parse_error: Expecting value: line 1 column 1 (char 0),memory_leak,easy,386,48,0.0
0.0,0.0,0.0,0.0,0.0,0.0,0.0,json_parse_error: Expecting value: line 1 column 1 (char 0),memory_leak,easy,387,48,0.0
0.0,0.0,0.0,0.0,0.0,0.0,0.0,json_parse_error: Expecting value: line 1 column 1 (char 0),cascading_retry_storm,medium,388,48,0.0
0.0,0.0,0.0,0.0,0.0,0.0,0.0,json_parse_error: Expecting value: line 1 column 1 (char 0),cascading_retry_storm,medium,389,48,0.0
0.0,0.0,0.0,0.0,0.0,0.0,0.0,json_parse_error: Expecting value: line 1 column 1 (char 0),memory_leak,easy,390,48,0.0
0.0,0.0,0.0,0.0,0.0,0.0,0.0,json_parse_error: Expecting value: line 1 column 1 (char 0),memory_leak,easy,391,48,0.0
0.0,0.0,0.0,0.0,0.0,0.0,0.0,json_parse_error: Expecting value: line 1 column 1 (char 0),memory_leak,easy,392,49,0.0
0.0,0.0,0.0,0.0,0.0,0.0,0.0,json_parse_error: Expecting value: line 1 column 1 (char 0),memory_leak,easy,393,49,0.0
0.0,0.0,0.0,0.0,0.0,0.0,0.0,json_parse_error: Expecting value: line 1 column 1 (char 0),memory_leak,easy,394,49,0.0
0.0,0.0,0.0,0.0,0.0,0.0,0.0,json_parse_error: Expecting value: line 1 column 1 (char 0),memory_leak,easy,395,49,0.0
0.0,0.0,0.0,0.0,0.0,0.0,0.0,json_parse_error: Expecting value: line 1 column 1 (char 0),memory_leak,easy,396,49,0.0
0.0,0.0,0.0,0.0,0.0,0.0,0.0,json_parse_error: Expecting value: line 1 column 1 (char 0),memory_leak,easy,397,49,0.0
0.0,0.0,0.0,0.0,0.0,0.0,0.0,json_parse_error: Expecting value: line 1 column 1 (char 0),memory_leak,easy,398,49,0.0
0.0,0.0,0.0,0.0,0.0,0.0,0.0,json_parse_error: Expecting value: line 1 column 1 (char 0),memory_leak,easy,399,49,0.0
0.0,0.0,0.0,0.0,0.0,0.0,0.0,json_parse_error: Expecting value: line 1 column 1 (char 0),memory_leak,easy,400,50,0.0
0.0,0.0,0.0,0.0,0.0,0.0,0.0,json_parse_error: Expecting value: line 1 column 1 (char 0),memory_leak,easy,401,50,0.0
0.0,0.0,0.0,0.0,0.0,0.0,0.0,json_parse_error: Expecting value: line 1 column 1 (char 0),memory_leak,easy,402,50,0.0
0.0,0.0,0.0,0.0,0.0,0.0,0.0,json_parse_error: Expecting value: line 1 column 1 (char 0),memory_leak,easy,403,50,0.0
0.0,0.0,0.0,0.0,0.0,0.0,0.0,json_parse_error: Expecting value: line 1 column 1 (char 0),cascading_retry_storm,medium,404,50,0.0
0.0,0.0,0.0,0.0,0.0,0.0,0.0,json_parse_error: Expecting value: line 1 column 1 (char 0),cascading_retry_storm,medium,405,50,0.0
0.0,0.0,0.0,0.0,0.0,0.0,0.0,json_parse_error: Expecting value: line 1 column 1 (char 0),connection_pool_exhaustion,medium,406,50,0.0
0.0,0.0,0.0,0.0,0.0,0.0,0.0,json_parse_error: Expecting value: line 1 column 1 (char 0),connection_pool_exhaustion,medium,407,50,0.0
0.0,0.0,0.0,0.0,0.0,0.0,0.0,json_parse_error: Expecting value: line 1 column 1 (char 0),memory_leak,easy,408,51,0.0
0.0,0.0,0.0,0.0,0.0,0.0,0.0,json_parse_error: Expecting value: line 1 column 1 (char 0),memory_leak,easy,409,51,0.0
0.0,0.0,0.0,0.0,0.0,0.0,0.0,json_parse_error: Expecting value: line 1 column 1 (char 0),memory_leak,easy,410,51,0.0
0.0,0.0,0.0,0.0,0.0,0.0,0.0,json_parse_error: Expecting value: line 1 column 1 (char 0),memory_leak,easy,411,51,0.0
0.0,0.0,0.0,0.0,0.0,0.0,0.0,json_parse_error: Expecting value: line 1 column 1 (char 0),memory_leak,easy,412,51,0.0
0.0,0.0,0.0,0.0,0.0,0.0,0.0,json_parse_error: Expecting value: line 1 column 1 (char 0),memory_leak,easy,413,51,0.0
0.0,0.0,0.0,0.0,0.0,0.0,0.0,json_parse_error: Expecting value: line 1 column 1 (char 0),memory_leak,easy,414,51,0.0
0.0,0.0,0.0,0.0,0.0,0.0,0.0,json_parse_error: Expecting value: line 1 column 1 (char 0),memory_leak,easy,415,51,0.0
0.0,0.0,0.0,0.0,0.0,0.0,0.0,json_parse_error: Expecting value: line 1 column 1 (char 0),memory_leak,easy,416,52,0.0
0.0,0.0,0.0,0.0,0.0,0.0,0.0,json_parse_error: Expecting value: line 1 column 1 (char 0),memory_leak,easy,417,52,0.0
0.0,0.0,0.0,0.0,0.0,0.0,0.0,json_parse_error: Expecting value: line 1 column 1 (char 0),memory_leak,easy,418,52,0.0
0.0,0.0,0.0,0.0,0.0,0.0,0.0,json_parse_error: Expecting value: line 1 column 1 (char 0),memory_leak,easy,419,52,0.0
0.0,0.0,0.0,0.0,0.0,0.0,0.0,json_parse_error: Expecting value: line 1 column 1 (char 0),memory_leak,easy,420,52,0.0
0.0,0.0,0.0,0.0,0.0,0.0,0.0,json_parse_error: Expecting value: line 1 column 1 (char 0),memory_leak,easy,421,52,0.0
0.0,0.0,0.0,0.0,0.0,0.0,0.0,json_parse_error: Expecting value: line 1 column 1 (char 0),memory_leak,easy,422,52,0.0
0.0,0.0,0.0,0.0,0.0,0.0,0.0,json_parse_error: Expecting value: line 1 column 1 (char 0),memory_leak,easy,423,52,0.0
0.0,0.0,0.0,0.0,0.0,0.0,0.0,json_parse_error: Expecting value: line 1 column 1 (char 0),memory_leak,easy,424,53,0.0
0.0,0.0,0.0,0.0,0.0,0.0,0.0,json_parse_error: Expecting value: line 1 column 1 (char 0),memory_leak,easy,425,53,0.0
0.0,0.0,0.0,0.0,0.0,0.0,0.0,json_parse_error: Expecting value: line 1 column 1 (char 0),memory_leak,easy,426,53,0.0
0.0,0.0,0.0,0.0,0.0,0.0,0.0,json_parse_error: Expecting value: line 1 column 1 (char 0),memory_leak,easy,427,53,0.0
0.0,0.0,0.0,0.0,0.0,0.0,0.0,json_parse_error: Expecting value: line 1 column 1 (char 0),memory_leak,easy,428,53,0.0
0.0,0.0,0.0,0.0,0.0,0.0,0.0,json_parse_error: Expecting value: line 1 column 1 (char 0),memory_leak,easy,429,53,0.0
0.0,0.0,0.0,0.0,0.0,0.0,0.0,json_parse_error: Expecting value: line 1 column 1 (char 0),memory_leak,easy,430,53,0.0
0.0,0.0,0.0,0.0,0.0,0.0,0.0,json_parse_error: Expecting value: line 1 column 1 (char 0),memory_leak,easy,431,53,0.0
0.0,0.0,0.0,0.0,0.0,0.0,0.0,json_parse_error: Expecting value: line 1 column 1 (char 0),memory_leak,easy,432,54,0.0
0.0,0.0,0.0,0.0,0.0,0.0,0.0,json_parse_error: Expecting value: line 1 column 1 (char 0),memory_leak,easy,433,54,0.0
0.0,0.0,0.0,0.0,0.0,0.0,0.0,json_parse_error: Expecting value: line 1 column 1 (char 0),memory_leak,easy,434,54,0.0
0.0,0.0,0.0,0.0,0.0,0.0,0.0,json_parse_error: Expecting value: line 1 column 1 (char 0),memory_leak,easy,435,54,0.0
0.0,0.0,0.0,0.0,0.0,0.0,0.0,json_parse_error: Expecting value: line 1 column 1 (char 0),memory_leak,easy,436,54,0.0
0.0,0.0,0.0,0.0,0.0,0.0,0.0,json_parse_error: Expecting value: line 1 column 1 (char 0),memory_leak,easy,437,54,0.0
0.0,0.0,0.0,0.0,0.0,0.0,0.0,json_parse_error: Expecting value: line 1 column 1 (char 0),memory_leak,easy,438,54,0.0
0.0,0.0,0.0,0.0,0.0,0.0,0.0,json_parse_error: Expecting value: line 1 column 1 (char 0),memory_leak,easy,439,54,0.0
0.0,0.0,0.0,0.0,0.0,0.0,0.0,json_parse_error: Expecting value: line 1 column 1 (char 0),cascading_retry_storm,medium,440,55,0.0
0.0,0.0,0.0,0.0,0.0,0.0,0.0,json_parse_error: Expecting value: line 1 column 1 (char 0),cascading_retry_storm,medium,441,55,0.0
0.0,0.0,0.0,0.0,0.0,0.0,0.0,json_parse_error: Expecting value: line 1 column 1 (char 0),memory_leak,easy,442,55,0.0
0.0,0.0,0.0,0.0,0.0,0.0,0.0,json_parse_error: Expecting value: line 1 column 1 (char 0),memory_leak,easy,443,55,0.0
0.0,0.0,0.0,0.0,0.0,0.0,0.0,json_parse_error: Expecting value: line 1 column 1 (char 0),memory_leak,easy,444,55,0.0
0.0,0.0,0.0,0.0,0.0,0.0,0.0,json_parse_error: Expecting value: line 1 column 1 (char 0),memory_leak,easy,445,55,0.0
0.0,0.0,0.0,0.0,0.0,0.0,0.0,json_parse_error: Expecting value: line 1 column 1 (char 0),memory_leak,easy,446,55,0.0
0.0,0.0,0.0,0.0,0.0,0.0,0.0,json_parse_error: Expecting value: line 1 column 1 (char 0),memory_leak,easy,447,55,0.0
0.0,0.0,0.0,0.0,0.0,0.0,0.0,json_parse_error: Expecting value: line 1 column 1 (char 0),memory_leak,easy,448,56,0.0
0.0,0.0,0.0,0.0,0.0,0.0,0.0,json_parse_error: Expecting value: line 1 column 1 (char 0),memory_leak,easy,449,56,0.0
0.0,0.0,0.0,0.0,0.0,0.0,0.0,json_parse_error: Expecting value: line 1 column 1 (char 0),connection_pool_exhaustion,medium,450,56,0.0
0.0,0.0,0.0,0.0,0.0,0.0,0.0,json_parse_error: Expecting value: line 1 column 1 (char 0),connection_pool_exhaustion,medium,451,56,0.0
0.0,0.0,0.0,0.0,0.0,0.0,0.0,json_parse_error: Expecting value: line 1 column 1 (char 0),memory_leak,easy,452,56,0.0
0.0,0.0,0.0,0.0,0.0,0.0,0.0,json_parse_error: Expecting value: line 1 column 1 (char 0),memory_leak,easy,453,56,0.0
0.0,0.0,0.0,0.0,0.0,0.0,0.0,json_parse_error: Expecting value: line 1 column 1 (char 0),memory_leak,easy,454,56,0.0
0.0,0.0,0.0,0.0,0.0,0.0,0.0,json_parse_error: Expecting value: line 1 column 1 (char 0),memory_leak,easy,455,56,0.0
0.0,0.0,0.0,0.0,0.0,0.0,0.0,json_parse_error: Expecting value: line 1 column 1 (char 0),cascading_retry_storm,medium,456,57,0.0
0.0,0.0,0.0,0.0,0.0,0.0,0.0,json_parse_error: Expecting value: line 1 column 1 (char 0),cascading_retry_storm,medium,457,57,0.0
0.0,0.0,0.0,0.0,0.0,0.0,0.0,json_parse_error: Expecting value: line 1 column 1 (char 0),connection_pool_exhaustion,medium,458,57,0.0
0.0,0.0,0.0,0.0,0.0,0.0,0.0,json_parse_error: Expecting value: line 1 column 1 (char 0),connection_pool_exhaustion,medium,459,57,0.0
0.0,0.0,0.0,0.0,0.0,0.0,0.0,json_parse_error: Expecting value: line 1 column 1 (char 0),memory_leak,easy,460,57,0.0
0.0,0.0,0.0,0.0,0.0,0.0,0.0,json_parse_error: Expecting value: line 1 column 1 (char 0),memory_leak,easy,461,57,0.0
0.0,0.0,0.0,0.0,0.0,0.0,0.0,json_parse_error: Expecting value: line 1 column 1 (char 0),memory_leak,easy,462,57,0.0
0.0,0.0,0.0,0.0,0.0,0.0,0.0,json_parse_error: Expecting value: line 1 column 1 (char 0),memory_leak,easy,463,57,0.0
0.0,0.0,0.0,0.0,0.0,0.0,0.0,json_parse_error: Expecting value: line 1 column 1 (char 0),memory_leak,easy,464,58,0.0
0.0,0.0,0.0,0.0,0.0,0.0,0.0,json_parse_error: Expecting value: line 1 column 1 (char 0),memory_leak,easy,465,58,0.0
0.0,0.0,0.0,0.0,0.0,0.0,0.0,json_parse_error: Expecting value: line 1 column 1 (char 0),memory_leak,easy,466,58,0.0
0.0,0.0,0.0,0.0,0.0,0.0,0.0,json_parse_error: Expecting value: line 1 column 1 (char 0),memory_leak,easy,467,58,0.0
0.0,0.0,0.0,0.0,0.0,0.0,0.0,json_parse_error: Expecting value: line 1 column 1 (char 0),memory_leak,easy,468,58,0.0
0.0,0.0,0.0,0.0,0.0,0.0,0.0,json_parse_error: Expecting value: line 1 column 1 (char 0),memory_leak,easy,469,58,0.0
0.0,0.0,0.0,0.0,0.0,0.0,0.0,json_parse_error: Expecting value: line 1 column 1 (char 0),memory_leak,easy,470,58,0.0
0.0,0.0,0.0,0.0,0.0,0.0,0.0,json_parse_error: Expecting value: line 1 column 1 (char 0),memory_leak,easy,471,58,0.0
0.0,0.0,0.0,0.0,0.0,0.0,0.0,json_parse_error: Expecting value: line 1 column 1 (char 0),memory_leak,easy,472,59,0.0
0.0,0.0,0.0,0.0,0.0,0.0,0.0,json_parse_error: Expecting value: line 1 column 1 (char 0),memory_leak,easy,473,59,0.0
0.0,0.0,0.0,0.0,0.0,0.0,0.0,json_parse_error: Expecting value: line 1 column 1 (char 0),cascading_retry_storm,medium,474,59,0.0
0.0,0.0,0.0,0.0,0.0,0.0,0.0,json_parse_error: Expecting value: line 1 column 1 (char 0),cascading_retry_storm,medium,475,59,0.0
0.0,0.0,0.0,0.0,0.0,0.0,0.0,json_parse_error: Expecting value: line 1 column 1 (char 0),memory_leak,easy,476,59,0.0
0.0,0.0,0.0,0.0,0.0,0.0,0.0,json_parse_error: Expecting value: line 1 column 1 (char 0),memory_leak,easy,477,59,0.0
0.0,0.0,0.0,0.0,0.0,0.0,0.0,json_parse_error: Expecting value: line 1 column 1 (char 0),memory_leak,easy,478,59,0.0
0.0,0.0,0.0,0.0,0.0,0.0,0.0,json_parse_error: Expecting value: line 1 column 1 (char 0),memory_leak,easy,479,59,0.0
0.0,0.0,0.0,0.0,0.0,0.0,0.0,json_parse_error: Expecting value: line 1 column 1 (char 0),memory_leak,easy,480,60,0.0
0.0,0.0,0.0,0.0,0.0,0.0,0.0,json_parse_error: Expecting value: line 1 column 1 (char 0),memory_leak,easy,481,60,0.0
0.0,0.0,0.0,0.0,0.0,0.0,0.0,json_parse_error: Expecting value: line 1 column 1 (char 0),memory_leak,easy,482,60,0.0
0.0,0.0,0.0,0.0,0.0,0.0,0.0,json_parse_error: Expecting value: line 1 column 1 (char 0),memory_leak,easy,483,60,0.0
0.0,0.0,0.0,0.0,0.0,0.0,0.0,json_parse_error: Expecting value: line 1 column 1 (char 0),memory_leak,easy,484,60,0.0
0.0,0.0,0.0,0.0,0.0,0.0,0.0,json_parse_error: Expecting value: line 1 column 1 (char 0),memory_leak,easy,485,60,0.0
0.0,0.0,0.0,0.0,0.0,0.0,0.0,json_parse_error: Expecting value: line 1 column 1 (char 0),memory_leak,easy,486,60,0.0
0.0,0.0,0.0,0.0,0.0,0.0,0.0,json_parse_error: Expecting value: line 1 column 1 (char 0),memory_leak,easy,487,60,0.0
0.0,0.0,0.0,0.0,0.0,0.0,0.0,json_parse_error: Expecting value: line 1 column 1 (char 0),memory_leak,easy,488,61,0.0
0.0,0.0,0.0,0.0,0.0,0.0,0.0,json_parse_error: Expecting value: line 1 column 1 (char 0),memory_leak,easy,489,61,0.0
0.0,0.0,0.0,0.0,0.0,0.0,0.0,json_parse_error: Expecting value: line 1 column 1 (char 0),memory_leak,easy,490,61,0.0
0.0,0.0,0.0,0.0,0.0,0.0,0.0,json_parse_error: Expecting value: line 1 column 1 (char 0),memory_leak,easy,491,61,0.0
0.0,0.0,0.0,0.0,0.0,0.0,0.0,json_parse_error: Expecting value: line 1 column 1 (char 0),memory_leak,easy,492,61,0.0
0.0,0.0,0.0,0.0,0.0,0.0,0.0,json_parse_error: Expecting value: line 1 column 1 (char 0),memory_leak,easy,493,61,0.0
0.0,0.0,0.0,0.0,0.0,0.0,0.0,json_parse_error: Expecting value: line 1 column 1 (char 0),memory_leak,easy,494,61,0.0
0.0,0.0,0.0,0.0,0.0,0.0,0.0,json_parse_error: Expecting value: line 1 column 1 (char 0),memory_leak,easy,495,61,0.0
0.0,0.0,0.0,0.0,0.0,0.0,0.0,json_parse_error: Expecting value: line 1 column 1 (char 0),cascading_retry_storm,medium,496,62,0.0
0.0,0.0,0.0,0.0,0.0,0.0,0.0,json_parse_error: Expecting value: line 1 column 1 (char 0),cascading_retry_storm,medium,497,62,0.0
0.0,0.0,0.0,0.0,0.0,0.0,0.0,json_parse_error: Expecting value: line 1 column 1 (char 0),memory_leak,easy,498,62,0.0
0.0,0.0,0.0,0.0,0.0,0.0,0.0,json_parse_error: Expecting value: line 1 column 1 (char 0),memory_leak,easy,499,62,0.0
0.0,0.0,0.0,0.0,0.0,0.0,0.0,json_parse_error: Expecting value: line 1 column 1 (char 0),memory_leak,easy,500,62,0.0
0.0,0.0,0.0,0.0,0.0,0.0,0.0,json_parse_error: Expecting value: line 1 column 1 (char 0),memory_leak,easy,501,62,0.0
0.0,0.0,0.0,0.0,0.0,0.0,0.0,json_parse_error: Expecting value: line 1 column 1 (char 0),memory_leak,easy,502,62,0.0
0.0,0.0,0.0,0.0,0.0,0.0,0.0,json_parse_error: Expecting value: line 1 column 1 (char 0),memory_leak,easy,503,62,0.0
0.0,0.0,0.0,0.0,0.0,0.0,0.0,json_parse_error: Expecting value: line 1 column 1 (char 0),memory_leak,easy,504,63,0.0
0.0,0.0,0.0,0.0,0.0,0.0,0.0,json_parse_error: Expecting value: line 1 column 1 (char 0),memory_leak,easy,505,63,0.0
0.0,0.0,0.0,0.0,0.0,0.0,0.0,json_parse_error: Expecting value: line 1 column 1 (char 0),memory_leak,easy,506,63,0.0
0.0,0.0,0.0,0.0,0.0,0.0,0.0,json_parse_error: Expecting value: line 1 column 1 (char 0),memory_leak,easy,507,63,0.0
0.0,0.0,0.0,0.0,0.0,0.0,0.0,json_parse_error: Expecting value: line 1 column 1 (char 0),memory_leak,easy,508,63,0.0
0.0,0.0,0.0,0.0,0.0,0.0,0.0,json_parse_error: Expecting value: line 1 column 1 (char 0),memory_leak,easy,509,63,0.0
0.0,0.0,0.0,0.0,0.0,0.0,0.0,json_parse_error: Expecting value: line 1 column 1 (char 0),memory_leak,easy,510,63,0.0
0.0,0.0,0.0,0.0,0.0,0.0,0.0,json_parse_error: Expecting value: line 1 column 1 (char 0),memory_leak,easy,511,63,0.0
0.0,0.0,0.0,0.0,0.0,0.0,0.0,json_parse_error: Expecting value: line 1 column 1 (char 0),memory_leak,easy,512,64,0.0
0.0,0.0,0.0,0.0,0.0,0.0,0.0,json_parse_error: Expecting value: line 1 column 1 (char 0),memory_leak,easy,513,64,0.0
0.0,0.0,0.0,0.0,0.0,0.0,0.0,json_parse_error: Expecting value: line 1 column 1 (char 0),memory_leak,easy,514,64,0.0
0.0,0.0,0.0,0.0,0.0,0.0,0.0,json_parse_error: Expecting value: line 1 column 1 (char 0),memory_leak,easy,515,64,0.0
0.0,0.0,0.0,0.0,0.0,0.0,0.0,json_parse_error: Expecting value: line 1 column 1 (char 0),memory_leak,easy,516,64,0.0
0.0,0.0,0.0,0.0,0.0,0.0,0.0,json_parse_error: Expecting value: line 1 column 1 (char 0),memory_leak,easy,517,64,0.0
0.0,0.0,0.0,0.0,0.0,0.0,0.0,json_parse_error: Expecting value: line 1 column 1 (char 0),memory_leak,easy,518,64,0.0
0.0,0.0,0.0,0.0,0.0,0.0,0.0,json_parse_error: Expecting value: line 1 column 1 (char 0),memory_leak,easy,519,64,0.0
0.0,0.0,0.0,0.0,0.0,0.0,0.0,json_parse_error: Expecting value: line 1 column 1 (char 0),memory_leak,easy,520,65,0.0
0.0,0.0,0.0,0.0,0.0,0.0,0.0,json_parse_error: Expecting value: line 1 column 1 (char 0),memory_leak,easy,521,65,0.0
0.0,0.0,0.0,0.0,0.0,0.0,0.0,json_parse_error: Expecting value: line 1 column 1 (char 0),memory_leak,easy,522,65,0.0
0.0,0.0,0.0,0.0,0.0,0.0,0.0,json_parse_error: Expecting value: line 1 column 1 (char 0),memory_leak,easy,523,65,0.0
0.0,0.0,0.0,0.0,0.0,0.0,0.0,json_parse_error: Expecting value: line 1 column 1 (char 0),memory_leak,easy,524,65,0.0
0.0,0.0,0.0,0.0,0.0,0.0,0.0,json_parse_error: Expecting value: line 1 column 1 (char 0),memory_leak,easy,525,65,0.0
0.0,0.0,0.0,0.0,0.0,0.0,0.0,json_parse_error: Expecting value: line 1 column 1 (char 0),memory_leak,easy,526,65,0.0
0.0,0.0,0.0,0.0,0.0,0.0,0.0,json_parse_error: Expecting value: line 1 column 1 (char 0),memory_leak,easy,527,65,0.0
0.0,0.0,0.0,0.0,0.0,0.0,0.0,json_parse_error: Expecting value: line 1 column 1 (char 0),memory_leak,easy,528,66,0.0
0.0,0.0,0.0,0.0,0.0,0.0,0.0,json_parse_error: Expecting value: line 1 column 1 (char 0),memory_leak,easy,529,66,0.0
0.0,0.0,0.0,0.0,0.0,0.0,0.0,json_parse_error: Expecting value: line 1 column 1 (char 0),memory_leak,easy,530,66,0.0
0.0,0.0,0.0,0.0,0.0,0.0,0.0,json_parse_error: Expecting value: line 1 column 1 (char 0),memory_leak,easy,531,66,0.0
0.0,0.0,0.0,0.0,0.0,0.0,0.0,json_parse_error: Expecting value: line 1 column 1 (char 0),memory_leak,easy,532,66,0.0
0.0,0.0,0.0,0.0,0.0,0.0,0.0,json_parse_error: Expecting value: line 1 column 1 (char 0),memory_leak,easy,533,66,0.0
0.0,0.0,0.0,0.0,0.0,0.0,0.0,json_parse_error: Expecting value: line 1 column 1 (char 0),memory_leak,easy,534,66,0.0
0.0,0.0,0.0,0.0,0.0,0.0,0.0,json_parse_error: Expecting value: line 1 column 1 (char 0),memory_leak,easy,535,66,0.0
0.0,0.0,0.0,0.0,0.0,0.0,0.0,json_parse_error: Expecting value: line 1 column 1 (char 0),memory_leak,easy,536,67,0.0
0.0,0.0,0.0,0.0,0.0,0.0,0.0,json_parse_error: Expecting value: line 1 column 1 (char 0),memory_leak,easy,537,67,0.0
0.0,0.0,0.0,0.0,0.0,0.0,0.0,json_parse_error: Expecting value: line 1 column 1 (char 0),connection_pool_exhaustion,medium,538,67,0.0
0.0,0.0,0.0,0.0,0.0,0.0,0.0,json_parse_error: Expecting value: line 1 column 1 (char 0),connection_pool_exhaustion,medium,539,67,0.0
0.0,0.0,0.0,0.0,0.0,0.0,0.0,json_parse_error: Expecting value: line 1 column 1 (char 0),memory_leak,easy,540,67,0.0
0.0,0.0,0.0,0.0,0.0,0.0,0.0,json_parse_error: Expecting value: line 1 column 1 (char 0),memory_leak,easy,541,67,0.0
0.0,0.0,0.0,0.0,0.0,0.0,0.0,json_parse_error: Expecting value: line 1 column 1 (char 0),memory_leak,easy,542,67,0.0
0.0,0.0,0.0,0.0,0.0,0.0,0.0,json_parse_error: Expecting value: line 1 column 1 (char 0),memory_leak,easy,543,67,0.0
0.0,0.0,0.0,0.0,0.0,0.0,0.0,json_parse_error: Expecting value: line 1 column 1 (char 0),connection_pool_exhaustion,medium,544,68,0.0
0.0,0.0,0.0,0.0,0.0,0.0,0.0,json_parse_error: Expecting value: line 1 column 1 (char 0),connection_pool_exhaustion,medium,545,68,0.0
0.0,0.0,0.0,0.0,0.0,0.0,0.0,json_parse_error: Expecting value: line 1 column 1 (char 0),memory_leak,easy,546,68,0.0
0.0,0.0,0.0,0.0,0.0,0.0,0.0,json_parse_error: Expecting value: line 1 column 1 (char 0),memory_leak,easy,547,68,0.0
0.0,0.0,0.0,0.0,0.0,0.0,0.0,json_parse_error: Expecting value: line 1 column 1 (char 0),memory_leak,easy,548,68,0.0
0.0,0.0,0.0,0.0,0.0,0.0,0.0,json_parse_error: Expecting value: line 1 column 1 (char 0),memory_leak,easy,549,68,0.0
0.0,0.0,0.0,0.0,0.0,0.0,0.0,json_parse_error: Expecting value: line 1 column 1 (char 0),memory_leak,easy,550,68,0.0
0.0,0.0,0.0,0.0,0.0,0.0,0.0,json_parse_error: Expecting value: line 1 column 1 (char 0),memory_leak,easy,551,68,0.0
0.0,0.0,0.0,0.0,0.0,0.0,0.0,json_parse_error: Expecting value: line 1 column 1 (char 0),memory_leak,easy,552,69,0.0
0.0,0.0,0.0,0.0,0.0,0.0,0.0,json_parse_error: Expecting value: line 1 column 1 (char 0),memory_leak,easy,553,69,0.0
0.0,0.0,0.0,0.0,0.0,0.0,0.0,json_parse_error: Expecting value: line 1 column 1 (char 0),memory_leak,easy,554,69,0.0
0.0,0.0,0.0,0.0,0.0,0.0,0.0,json_parse_error: Expecting value: line 1 column 1 (char 0),memory_leak,easy,555,69,0.0
0.0,0.0,0.0,0.0,0.0,0.0,0.0,json_parse_error: Expecting value: line 1 column 1 (char 0),memory_leak,easy,556,69,0.0
0.0,0.0,0.0,0.0,0.0,0.0,0.0,json_parse_error: Expecting value: line 1 column 1 (char 0),memory_leak,easy,557,69,0.0
0.0,0.0,0.0,0.0,0.0,0.0,0.0,json_parse_error: Expecting value: line 1 column 1 (char 0),memory_leak,easy,558,69,0.0
0.0,0.0,0.0,0.0,0.0,0.0,0.0,json_parse_error: Expecting value: line 1 column 1 (char 0),memory_leak,easy,559,69,0.0
0.0,0.0,0.0,0.0,0.0,0.0,0.0,json_parse_error: Expecting value: line 1 column 1 (char 0),cascading_retry_storm,medium,560,70,0.0
0.0,0.0,0.0,0.0,0.0,0.0,0.0,json_parse_error: Expecting value: line 1 column 1 (char 0),cascading_retry_storm,medium,561,70,0.0
0.0,0.0,0.0,0.0,0.0,0.0,0.0,json_parse_error: Expecting value: line 1 column 1 (char 0),connection_pool_exhaustion,medium,562,70,0.0
0.0,0.0,0.0,0.0,0.0,0.0,0.0,json_parse_error: Expecting value: line 1 column 1 (char 0),connection_pool_exhaustion,medium,563,70,0.0
0.0,0.0,0.0,0.0,0.0,0.0,0.0,json_parse_error: Expecting value: line 1 column 1 (char 0),memory_leak,easy,564,70,0.0
0.0,0.0,0.0,0.0,0.0,0.0,0.0,json_parse_error: Expecting value: line 1 column 1 (char 0),memory_leak,easy,565,70,0.0
0.0,0.0,0.0,0.0,0.0,0.0,0.0,json_parse_error: Expecting value: line 1 column 1 (char 0),memory_leak,easy,566,70,0.0
0.0,0.0,0.0,0.0,0.0,0.0,0.0,json_parse_error: Expecting value: line 1 column 1 (char 0),memory_leak,easy,567,70,0.0
0.0,0.0,0.0,0.0,0.0,0.0,0.0,json_parse_error: Expecting value: line 1 column 1 (char 0),memory_leak,easy,568,71,0.0
0.0,0.0,0.0,0.0,0.0,0.0,0.0,json_parse_error: Expecting value: line 1 column 1 (char 0),memory_leak,easy,569,71,0.0
0.0,0.0,0.0,0.0,0.0,0.0,0.0,json_parse_error: Expecting value: line 1 column 1 (char 0),memory_leak,easy,570,71,0.0
0.0,0.0,0.0,0.0,0.0,0.0,0.0,json_parse_error: Expecting value: line 1 column 1 (char 0),memory_leak,easy,571,71,0.0
0.0,0.0,0.0,0.0,0.0,0.0,0.0,json_parse_error: Expecting value: line 1 column 1 (char 0),memory_leak,easy,572,71,0.0
0.0,0.0,0.0,0.0,0.0,0.0,0.0,json_parse_error: Expecting value: line 1 column 1 (char 0),memory_leak,easy,573,71,0.0
0.0,0.0,0.0,0.0,0.0,0.0,0.0,json_parse_error: Expecting value: line 1 column 1 (char 0),memory_leak,easy,574,71,0.0
0.0,0.0,0.0,0.0,0.0,0.0,0.0,json_parse_error: Expecting value: line 1 column 1 (char 0),memory_leak,easy,575,71,0.0
0.0,0.0,0.0,0.0,0.0,0.0,0.0,json_parse_error: Expecting value: line 1 column 1 (char 0),memory_leak,easy,576,72,0.0
0.0,0.0,0.0,0.0,0.0,0.0,0.0,json_parse_error: Expecting value: line 1 column 1 (char 0),memory_leak,easy,577,72,0.0
0.0,0.0,0.0,0.0,0.0,0.0,0.0,json_parse_error: Expecting value: line 1 column 1 (char 0),memory_leak,easy,578,72,0.0
0.0,0.0,0.0,0.0,0.0,0.0,0.0,json_parse_error: Expecting value: line 1 column 1 (char 0),memory_leak,easy,579,72,0.0
0.0,0.0,0.0,0.0,0.0,0.0,0.0,json_parse_error: Expecting value: line 1 column 1 (char 0),memory_leak,easy,580,72,0.0
0.0,0.0,0.0,0.0,0.0,0.0,0.0,json_parse_error: Expecting value: line 1 column 1 (char 0),memory_leak,easy,581,72,0.0
0.0,0.0,0.0,0.0,0.0,0.0,0.0,json_parse_error: Expecting value: line 1 column 1 (char 0),connection_pool_exhaustion,medium,582,72,0.0
0.0,0.0,0.0,0.0,0.0,0.0,0.0,json_parse_error: Expecting value: line 1 column 1 (char 0),connection_pool_exhaustion,medium,583,72,0.0
0.0,0.0,0.0,0.0,0.0,0.0,0.0,json_parse_error: Expecting value: line 1 column 1 (char 0),memory_leak,easy,584,73,0.0
0.0,0.0,0.0,0.0,0.0,0.0,0.0,json_parse_error: Expecting value: line 1 column 1 (char 0),memory_leak,easy,585,73,0.0
0.0,0.0,0.0,0.0,0.0,0.0,0.0,json_parse_error: Expecting value: line 1 column 1 (char 0),memory_leak,easy,586,73,0.0
0.0,0.0,0.0,0.0,0.0,0.0,0.0,json_parse_error: Expecting value: line 1 column 1 (char 0),memory_leak,easy,587,73,0.0
0.0,0.0,0.0,0.0,0.0,0.0,0.0,json_parse_error: Expecting value: line 1 column 1 (char 0),cascading_retry_storm,medium,588,73,0.0
0.0,0.0,0.0,0.0,0.0,0.0,0.0,json_parse_error: Expecting value: line 1 column 1 (char 0),cascading_retry_storm,medium,589,73,0.0
0.0,0.0,0.0,0.0,0.0,0.0,0.0,json_parse_error: Expecting value: line 1 column 1 (char 0),memory_leak,easy,590,73,0.0
0.0,0.0,0.0,0.0,0.0,0.0,0.0,json_parse_error: Expecting value: line 1 column 1 (char 0),memory_leak,easy,591,73,0.0
0.0,0.0,0.0,0.0,0.0,0.0,0.0,json_parse_error: Expecting value: line 1 column 1 (char 0),memory_leak,easy,592,74,0.0
0.0,0.0,0.0,0.0,0.0,0.0,0.0,json_parse_error: Expecting value: line 1 column 1 (char 0),memory_leak,easy,593,74,0.0
0.0,0.0,0.0,0.0,0.0,0.0,0.0,json_parse_error: Expecting value: line 1 column 1 (char 0),memory_leak,easy,594,74,0.0
0.0,0.0,0.0,0.0,0.0,0.0,0.0,json_parse_error: Expecting value: line 1 column 1 (char 0),memory_leak,easy,595,74,0.0
0.0,0.0,0.0,0.0,0.0,0.0,0.0,json_parse_error: Expecting value: line 1 column 1 (char 0),memory_leak,easy,596,74,0.0
0.0,0.0,0.0,0.0,0.0,0.0,0.0,json_parse_error: Expecting value: line 1 column 1 (char 0),memory_leak,easy,597,74,0.0
0.0,0.0,0.0,0.0,0.0,0.0,0.0,json_parse_error: Expecting value: line 1 column 1 (char 0),memory_leak,easy,598,74,0.0
0.0,0.0,0.0,0.0,0.0,0.0,0.0,json_parse_error: Expecting value: line 1 column 1 (char 0),memory_leak,easy,599,74,0.0
0.0,0.0,0.0,0.0,0.0,0.0,0.0,json_parse_error: Expecting value: line 1 column 1 (char 0),memory_leak,easy,600,75,0.0
0.0,0.0,0.0,0.0,0.0,0.0,0.0,json_parse_error: Expecting value: line 1 column 1 (char 0),memory_leak,easy,601,75,0.0
0.0,0.0,0.0,0.0,0.0,0.0,0.0,json_parse_error: Expecting value: line 1 column 1 (char 0),memory_leak,easy,602,75,0.0
0.0,0.0,0.0,0.0,0.0,0.0,0.0,json_parse_error: Expecting value: line 1 column 1 (char 0),memory_leak,easy,603,75,0.0
0.0,0.0,0.0,0.0,0.0,0.0,0.0,json_parse_error: Expecting value: line 1 column 1 (char 0),memory_leak,easy,604,75,0.0
0.0,0.0,0.0,0.0,0.0,0.0,0.0,json_parse_error: Expecting value: line 1 column 1 (char 0),memory_leak,easy,605,75,0.0
0.0,0.0,0.0,0.0,0.0,0.0,0.0,json_parse_error: Expecting value: line 1 column 1 (char 0),memory_leak,easy,606,75,0.0
0.0,0.0,0.0,0.0,0.0,0.0,0.0,json_parse_error: Expecting value: line 1 column 1 (char 0),memory_leak,easy,607,75,0.0
0.0,0.0,0.0,0.0,0.0,0.0,0.0,json_parse_error: Expecting value: line 1 column 1 (char 0),memory_leak,easy,608,76,0.0
0.0,0.0,0.0,0.0,0.0,0.0,0.0,json_parse_error: Expecting value: line 1 column 1 (char 0),memory_leak,easy,609,76,0.0
0.0,0.0,0.0,0.0,0.0,0.0,0.0,json_parse_error: Expecting value: line 1 column 1 (char 0),memory_leak,easy,610,76,0.0
0.0,0.0,0.0,0.0,0.0,0.0,0.0,json_parse_error: Expecting value: line 1 column 1 (char 0),memory_leak,easy,611,76,0.0
0.0,0.0,0.0,0.0,0.0,0.0,0.0,json_parse_error: Expecting value: line 1 column 1 (char 0),cascading_retry_storm,medium,612,76,0.0
0.0,0.0,0.0,0.0,0.0,0.0,0.0,json_parse_error: Expecting value: line 1 column 1 (char 0),cascading_retry_storm,medium,613,76,0.0
0.0,0.0,0.0,0.0,0.0,0.0,0.0,json_parse_error: Expecting value: line 1 column 1 (char 0),memory_leak,easy,614,76,0.0
0.0,0.0,0.0,0.0,0.0,0.0,0.0,json_parse_error: Expecting value: line 1 column 1 (char 0),memory_leak,easy,615,76,0.0
0.0,0.0,0.0,0.0,0.0,0.0,0.0,json_parse_error: Expecting value: line 1 column 1 (char 0),memory_leak,easy,616,77,0.0
0.0,0.0,0.0,0.0,0.0,0.0,0.0,json_parse_error: Expecting value: line 1 column 1 (char 0),memory_leak,easy,617,77,0.0
0.0,0.0,0.0,0.0,0.0,0.0,0.0,json_parse_error: Expecting value: line 1 column 1 (char 0),memory_leak,easy,618,77,0.0
0.0,0.0,0.0,0.0,0.0,0.0,0.0,json_parse_error: Expecting value: line 1 column 1 (char 0),memory_leak,easy,619,77,0.0
0.0,0.0,0.0,0.0,0.0,0.0,0.0,json_parse_error: Expecting value: line 1 column 1 (char 0),memory_leak,easy,620,77,0.0
0.0,0.0,0.0,0.0,0.0,0.0,0.0,json_parse_error: Expecting value: line 1 column 1 (char 0),memory_leak,easy,621,77,0.0
0.0,0.0,0.0,0.0,0.0,0.0,0.0,json_parse_error: Expecting value: line 1 column 1 (char 0),connection_pool_exhaustion,medium,622,77,0.0
0.0,0.0,0.0,0.0,0.0,0.0,0.0,json_parse_error: Expecting value: line 1 column 1 (char 0),connection_pool_exhaustion,medium,623,77,0.0
0.0,0.0,0.0,0.0,0.0,0.0,0.0,json_parse_error: Expecting value: line 1 column 1 (char 0),memory_leak,easy,624,78,0.0
0.0,0.0,0.0,0.0,0.0,0.0,0.0,json_parse_error: Expecting value: line 1 column 1 (char 0),memory_leak,easy,625,78,0.0
0.0,0.0,0.0,0.0,0.0,0.0,0.0,json_parse_error: Expecting value: line 1 column 1 (char 0),memory_leak,easy,626,78,0.0
0.0,0.0,0.0,0.0,0.0,0.0,0.0,json_parse_error: Expecting value: line 1 column 1 (char 0),memory_leak,easy,627,78,0.0
0.0,0.0,0.0,0.0,0.0,0.0,0.0,json_parse_error: Expecting value: line 1 column 1 (char 0),memory_leak,easy,628,78,0.0
0.0,0.0,0.0,0.0,0.0,0.0,0.0,json_parse_error: Expecting value: line 1 column 1 (char 0),memory_leak,easy,629,78,0.0
0.0,0.0,0.0,0.0,0.0,0.0,0.0,json_parse_error: Expecting value: line 1 column 1 (char 0),memory_leak,easy,630,78,0.0
0.0,0.0,0.0,0.0,0.0,0.0,0.0,json_parse_error: Expecting value: line 1 column 1 (char 0),memory_leak,easy,631,78,0.0
0.0,0.0,0.0,0.0,0.0,0.0,0.0,json_parse_error: Expecting value: line 1 column 1 (char 0),cascading_retry_storm,medium,632,79,0.0
0.0,0.0,0.0,0.0,0.0,0.0,0.0,json_parse_error: Expecting value: line 1 column 1 (char 0),cascading_retry_storm,medium,633,79,0.0
0.0,0.0,0.0,0.0,0.0,0.0,0.0,json_parse_error: Expecting value: line 1 column 1 (char 0),connection_pool_exhaustion,medium,634,79,0.0
0.0,0.0,0.0,0.0,0.0,0.0,0.0,json_parse_error: Expecting value: line 1 column 1 (char 0),connection_pool_exhaustion,medium,635,79,0.0
0.0,0.0,0.0,0.0,0.0,0.0,0.0,json_parse_error: Expecting value: line 1 column 1 (char 0),memory_leak,easy,636,79,0.0
0.0,0.0,0.0,0.0,0.0,0.0,0.0,json_parse_error: Expecting value: line 1 column 1 (char 0),memory_leak,easy,637,79,0.0
0.0,0.0,0.0,0.0,0.0,0.0,0.0,json_parse_error: Expecting value: line 1 column 1 (char 0),connection_pool_exhaustion,medium,638,79,0.0
0.0,0.0,0.0,0.0,0.0,0.0,0.0,json_parse_error: Expecting value: line 1 column 1 (char 0),connection_pool_exhaustion,medium,639,79,0.0
